Year,State,Industry Sector Category,Residential,Commercial,Industrial,Transportation,Total
2020,AK,Total Electric Industry,22.57,19.58,15.88,0.0,19.82
2020,AL,Total Electric Industry,12.58,11.55,5.87,0.0,9.84
2020,AR,Total Electric Industry,10.41,8.61,5.89,13.32,8.32
2020,AZ,Total Electric Industry,12.27,10.11,6.07,9.38,10.44
2020,CA,Total Electric Industry,20.45,17.53,14.27,10.07,18.0
2020,CO,Total Electric Industry,12.36,10.29,7.48,8.64,10.27
2020,CT,Total Electric Industry,22.71,16.58,13.07,13.34,19.13
2020,DC,Total Electric Industry,12.63,11.85,7.99,9.6,11.9
2020,DE,Total Electric Industry,12.56,9.18,6.7,0.0,10.24
2020,FL,Total Electric Industry,11.27,8.85,7.15,7.69,10.06
2020,GA,Total Electric Industry,12.02,10.08,5.77,5.39,9.93
2020,HI,Total Electric Industry,30.28,28.41,24.45,0.0,27.55
2020,IA,Total Electric Industry,12.46,9.96,6.43,0.0,8.97
2020,ID,Total Electric Industry,9.95,7.75,6.23,0.0,7.99
2020,IL,Total Electric Industry,13.04,9.15,6.7,6.56,9.75
2020,IN,Total Electric Industry,12.83,11.21,6.98,10.21,9.92
2020,KS,Total Electric Industry,12.85,10.4,7.3,0.0,10.38
2020,KY,Total Electric Industry,10.87,10.34,5.31,0.0,8.58
2020,LA,Total Electric Industry,9.67,8.85,4.88,8.77,7.51
2020,MA,Total Electric Industry,21.97,16.03,14.51,6.24,18.19
2020,MD,Total Electric Industry,13.01,9.72,7.81,7.79,11.15
2020,ME,Total Electric Industry,16.81,12.56,8.86,0.0,13.54
2020,MI,Total Electric Industry,16.26,11.71,7.24,11.39,12.21
2020,MN,Total Electric Industry,13.17,10.43,7.67,9.4,10.57
2020,MO,Total Electric Industry,11.22,8.93,6.84,7.84,9.64
2020,MS,Total Electric Industry,11.17,10.38,5.63,0.0,9.13
2020,MT,Total Electric Industry,11.24,10.51,5.18,0.0,9.13
2020,NC,Total Electric Industry,11.38,8.69,6.31,7.67,9.43
2020,ND,Total Electric Industry,10.44,9.02,7.26,0.0,8.53
2020,NE,Total Electric Industry,10.8,8.89,7.38,0.0,8.97
2020,NH,Total Electric Industry,19.04,15.41,13.11,0.0,16.63
2020,NJ,Total Electric Industry,16.03,12.35,10.01,9.19,13.63
2020,NM,Total Electric Industry,12.94,10.28,5.58,0.0,9.33
2020,NV,Total Electric Industry,11.34,7.45,5.61,8.84,8.33
2020,NY,Total Electric Industry,18.36,14.56,5.54,12.14,14.87
2020,OH,Total Electric Industry,12.29,9.53,6.16,6.71,9.44
2020,OK,Total Electric Industry,10.12,7.82,4.61,0.0,7.63
2020,OR,Total Electric Industry,11.17,9.0,5.7,9.46,8.82
2020,PA,Total Electric Industry,13.58,8.5,6.16,8.58,9.7
2020,RI,Total Electric Industry,22.01,15.94,15.76,22.23,18.54
2020,SC,Total Electric Industry,12.78,10.35,5.98,0.0,9.9
2020,SD,Total Electric Industry,11.75,9.65,7.79,0.0,10.06
2020,TN,Total Electric Industry,10.76,10.56,5.33,0.0,9.52
2020,TX,Total Electric Industry,11.71,7.6,5.07,6.52,8.36
2020,UT,Total Electric Industry,10.44,8.27,5.9,10.69,8.27
2020,VA,Total Electric Industry,12.03,7.63,6.28,8.77,9.16
2020,VT,Total Electric Industry,19.54,16.39,11.2,0.0,16.33
2020,WA,Total Electric Industry,9.87,8.92,5.08,9.93,8.33
2020,WI,Total Electric Industry,14.32,10.75,7.29,14.64,10.82
2020,WV,Total Electric Industry,11.8,9.4,6.09,0.0,8.75
2020,WY,Total Electric Industry,11.11,9.65,6.88,0.0,8.27
2020,US,Total Electric Industry,13.15,10.59,6.67,9.9,10.59
2020,AK,Full-Service Providers,22.57,19.58,15.88,0.0,19.82
2020,AL,Full-Service Providers,12.57,11.55,5.87,0.0,9.84
2020,AR,Full-Service Providers,10.41,8.61,5.89,13.32,8.32
2020,AZ,Full-Service Providers,12.27,10.11,6.07,9.38,10.44
2020,CA,Full-Service Providers,19.84,17.36,14.8,14.43,17.86
2020,CO,Full-Service Providers,12.36,10.29,7.48,8.64,10.27
2020,CT,Full-Service Providers,21.85,15.04,10.24,13.37,19.44
2020,DC,Full-Service Providers,11.79,12.3,0.0,0.0,11.96
2020,DE,Full-Service Providers,12.42,11.68,9.14,0.0,11.83
2020,FL,Full-Service Providers,11.27,8.85,7.15,7.69,10.06
2020,GA,Full-Service Providers,12.02,10.08,5.77,5.39,9.93
2020,HI,Full-Service Providers,30.28,28.41,24.45,0.0,27.55
2020,IA,Full-Service Providers,12.46,9.96,6.43,0.0,8.97
2020,ID,Full-Service Providers,9.95,7.75,6.23,0.0,7.99
2020,IL,Full-Service Providers,12.7,10.29,7.4,0.0,11.49
2020,IN,Full-Service Providers,12.83,11.21,6.98,10.21,9.92
2020,KS,Full-Service Providers,12.85,10.4,7.3,0.0,10.38
2020,KY,Full-Service Providers,10.87,10.34,5.31,0.0,8.58
2020,LA,Full-Service Providers,9.67,8.85,4.88,8.77,7.51
2020,MA,Full-Service Providers,20.7,15.08,13.43,0.0,18.3
2020,MD,Full-Service Providers,12.63,11.25,9.29,0.0,12.29
2020,ME,Full-Service Providers,16.43,13.56,9.47,0.0,15.32
2020,MI,Full-Service Providers,16.26,12.11,7.56,11.39,12.7
2020,MN,Full-Service Providers,13.17,10.43,7.67,9.4,10.57
2020,MO,Full-Service Providers,11.22,8.93,6.84,7.84,9.64
2020,MS,Full-Service Providers,11.17,10.38,5.63,0.0,9.13
2020,MT,Full-Service Providers,11.24,10.7,8.01,0.0,10.55
2020,NC,Full-Service Providers,11.38,8.69,6.31,7.67,9.43
2020,ND,Full-Service Providers,10.44,9.02,7.26,0.0,8.53
2020,NE,Full-Service Providers,10.8,8.89,7.38,0.0,8.97
2020,NH,Full-Service Providers,18.5,15.69,12.21,0.0,17.59
2020,NJ,Full-Service Providers,15.95,12.76,7.86,9.9,14.55
2020,NM,Full-Service Providers,12.94,10.28,5.58,0.0,9.33
2020,NV,Full-Service Providers,11.34,8.35,6.12,8.84,8.95
2020,NY,Full-Service Providers,17.84,16.35,5.24,14.12,16.78
2020,OH,Full-Service Providers,12.24,11.59,8.8,7.48,11.51
2020,OK,Full-Service Providers,10.12,7.82,4.61,0.0,7.63
2020,OR,Full-Service Providers,11.17,9.18,5.82,9.46,9.03
2020,PA,Full-Service Providers,12.89,10.33,7.19,0.0,12.13
2020,RI,Full-Service Providers,21.75,15.66,18.7,0.0,20.0
2020,SC,Full-Service Providers,12.78,10.35,5.98,0.0,9.9
2020,SD,Full-Service Providers,11.75,9.65,7.79,0.0,10.06
2020,TN,Full-Service Providers,10.76,10.56,5.33,0.0,9.52
2020,TX,Full-Service Providers,11.71,7.6,5.07,6.52,8.36
2020,UT,Full-Service Providers,10.44,8.27,5.9,10.69,8.27
2020,VA,Full-Service Providers,12.03,7.72,6.4,8.77,9.29
2020,VT,Full-Service Providers,19.54,16.39,11.2,0.0,16.33
2020,WA,Full-Service Providers,9.87,8.96,5.27,9.93,8.47
2020,WI,Full-Service Providers,14.32,10.75,7.29,14.64,10.82
2020,WV,Full-Service Providers,11.8,9.4,6.09,0.0,8.75
2020,WY,Full-Service Providers,11.11,9.65,6.88,0.0,8.27
2020,US,Full-Service Providers,12.81,10.27,6.6,10.53,10.46
2020,CA,Restructured Retail Service Providers,22.41,17.89,12.9,6.14,18.35
2020,CT,Restructured Retail Service Providers,25.37,17.26,14.33,13.24,18.8
2020,DC,Restructured Retail Service Providers,15.42,11.78,7.99,9.6,11.87
2020,DE,Restructured Retail Service Providers,14.64,7.77,4.68,0.0,7.47
2020,IL,Restructured Retail Service Providers,13.73,8.59,6.6,6.56,8.67
2020,MA,Restructured Retail Service Providers,23.7,16.32,15.13,6.24,18.13
2020,MD,Restructured Retail Service Providers,14.81,9.24,7.61,7.79,9.96
2020,ME,Restructured Retail Service Providers,20.25,11.85,8.77,0.0,11.28
2020,MI,Restructured Retail Service Providers,0.0,8.06,5.75,0.0,6.76
2020,MT,Restructured Retail Service Providers,11.43,4.53,3.42,0.0,3.47
2020,NH,Restructured Retail Service Providers,21.98,15.28,13.24,0.0,15.6
2020,NJ,Restructured Retail Service Providers,16.58,12.12,10.87,8.84,12.45
2020,NV,Restructured Retail Service Providers,0.0,5.16,2.52,0.0,4.28
2020,NY,Restructured Retail Service Providers,21.5,13.47,5.61,11.89,12.72
2020,OH,Restructured Retail Service Providers,12.34,9.02,5.63,6.55,8.51
2020,OR,Restructured Retail Service Providers,0.0,6.29,4.75,0.0,5.29
2020,PA,Restructured Retail Service Providers,15.27,7.86,6.1,8.58,8.29
2020,RI,Restructured Retail Service Providers,24.53,16.08,15.08,22.23,16.7
2020,VA,Restructured Retail Service Providers,0.0,6.23,4.91,0.0,5.81
2020,WA,Restructured Retail Service Providers,0.0,5.32,3.0,0.0,3.33
2020,US,Restructured Retail Service Providers,17.39,11.84,6.98,9.68,11.33
2020,CA,Energy-Only Providers,7.99,6.7,5.89,4.25,6.95
2020,CT,Energy-Only Providers,9.72,8.07,7.22,4.18,8.34
2020,DC,Energy-Only Providers,10.61,6.46,6.39,5.9,6.77
2020,DE,Energy-Only Providers,8.94,5.5,3.99,0.0,5.36
2020,IL,Energy-Only Providers,7.71,5.51,5.01,4.94,5.7
2020,MA,Energy-Only Providers,11.99,9.42,9.05,5.24,10.05
2020,MD,Energy-Only Providers,9.19,5.66,5.31,5.95,6.22
2020,ME,Energy-Only Providers,11.17,6.69,5.63,0.0,6.65
2020,MI,Energy-Only Providers,0.0,5.72,5.03,0.0,5.33
2020,MT,Energy-Only Providers,7.14,1.98,2.89,0.0,2.85
2020,NH,Energy-Only Providers,11.41,7.38,7.09,0.0,7.87
2020,NJ,Energy-Only Providers,11.8,7.95,7.37,6.92,8.33
2020,NV,Energy-Only Providers,0.0,4.15,2.4,0.0,3.57
2020,NY,Energy-Only Providers,9.13,6.14,3.67,7.01,6.0
2020,OH,Energy-Only Providers,5.86,4.51,4.07,4.37,4.67
2020,OR,Energy-Only Providers,0.0,3.31,3.06,0.0,3.15
2020,PA,Energy-Only Providers,8.81,5.53,5.06,6.63,5.88
2020,RI,Energy-Only Providers,12.64,7.72,7.2,11.24,8.09
2020,VA,Energy-Only Providers,0.0,5.2,4.63,0.0,5.02
2020,WA,Energy-Only Providers,0.0,2.51,2.43,0.0,2.44
2020,US,Energy-Only Providers,8.29,6.23,4.89,6.29,6.2
2020,CA,Delivery-Only Service,14.42,11.19,7.02,1.89,11.4
2020,CT,Delivery-Only Service,15.65,9.19,7.1,9.06,10.46
2020,DC,Delivery-Only Service,4.81,5.32,1.6,3.7,5.1
2020,DE,Delivery-Only Service,5.71,2.27,0.69,0.0,2.11
2020,IL,Delivery-Only Service,6.02,3.09,1.59,1.62,2.98
2020,MA,Delivery-Only Service,11.71,6.9,6.07,0.99,8.08
2020,MD,Delivery-Only Service,5.62,3.57,2.3,1.84,3.75
2020,ME,Delivery-Only Service,9.08,5.16,3.14,0.0,4.63
2020,MI,Delivery-Only Service,0.0,2.34,0.72,0.0,1.43
2020,MT,Delivery-Only Service,4.29,2.56,0.53,0.0,0.63
2020,NH,Delivery-Only Service,10.58,7.9,6.15,0.0,7.72
2020,NJ,Delivery-Only Service,4.78,4.17,3.5,1.92,4.13
2020,NV,Delivery-Only Service,0.0,1.0,0.12,0.0,0.71
2020,NY,Delivery-Only Service,12.37,7.34,1.94,4.88,6.72
2020,OH,Delivery-Only Service,6.48,4.51,1.56,2.19,3.83
2020,OR,Delivery-Only Service,0.0,2.98,1.69,0.0,2.14
2020,PA,Delivery-Only Service,6.46,2.34,1.04,1.96,2.41
2020,RI,Delivery-Only Service,11.88,8.36,7.88,10.99,8.61
2020,VA,Delivery-Only Service,0.0,1.03,0.28,0.0,0.79
2020,WA,Delivery-Only Service,0.0,2.8,0.57,0.0,0.89
2020,US,Delivery-Only Service,9.1,5.61,2.09,3.4,5.13
2019,AK,Total Electric Industry,22.92,19.8,16.94,0.0,20.22
2019,AL,Total Electric Industry,12.53,11.52,5.95,0.0,9.83
2019,AR,Total Electric Industry,9.8,8.78,6.13,11.73,8.22
2019,AZ,Total Electric Industry,12.43,10.25,6.28,9.68,10.52
2019,CA,Total Electric Industry,19.15,16.67,13.4,8.91,16.89
2019,CO,Total Electric Industry,12.18,10.43,7.4,8.7,10.17
2019,CT,Total Electric Industry,21.87,16.75,13.44,13.69,18.66
2019,DC,Total Electric Industry,12.98,12.26,8.22,9.5,12.27
2019,DE,Total Electric Industry,12.55,9.53,7.7,0.0,10.52
2019,FL,Total Electric Industry,11.7,9.27,7.65,8.32,10.44
2019,GA,Total Electric Industry,11.76,10.02,6.17,5.85,9.86
2019,HI,Total Electric Industry,32.06,29.23,25.76,0.0,28.72
2019,IA,Total Electric Industry,12.46,9.99,6.6,0.0,9.08
2019,ID,Total Electric Industry,9.89,7.67,6.08,0.0,7.89
2019,IL,Total Electric Industry,13.03,9.08,6.52,6.91,9.56
2019,IN,Total Electric Industry,12.58,11.03,7.36,10.76,9.91
2019,KS,Total Electric Industry,12.71,10.29,7.35,0.0,10.26
2019,KY,Total Electric Industry,10.8,10.15,5.57,0.0,8.61
2019,LA,Total Electric Industry,9.8,8.91,5.23,9.08,7.71
2019,MA,Total Electric Industry,21.92,16.8,14.76,6.15,18.4
2019,MD,Total Electric Industry,13.12,9.97,7.8,7.37,11.24
2019,ME,Total Electric Industry,17.89,12.83,9.22,0.0,14.04
2019,MI,Total Electric Industry,15.74,11.39,7.07,10.56,11.56
2019,MN,Total Electric Industry,13.04,10.34,7.53,9.49,10.33
2019,MO,Total Electric Industry,11.14,9.07,7.11,7.89,9.68
2019,MS,Total Electric Industry,11.27,10.52,5.85,0.0,9.28
2019,MT,Total Electric Industry,11.13,10.41,5.45,0.0,9.02
2019,NC,Total Electric Industry,11.42,8.81,6.3,8.2,9.45
2019,ND,Total Electric Industry,10.3,9.01,7.94,0.0,8.85
2019,NE,Total Electric Industry,10.77,8.85,7.65,0.0,9.08
2019,NH,Total Electric Industry,20.05,15.93,13.09,0.0,17.15
2019,NJ,Total Electric Industry,15.85,12.23,10.16,8.8,13.42
2019,NM,Total Electric Industry,12.51,9.79,5.48,0.0,8.99
2019,NV,Total Electric Industry,12.0,8.04,6.14,8.51,8.78
2019,NY,Total Electric Industry,17.94,14.06,5.61,12.28,14.34
2019,OH,Total Electric Industry,12.38,9.72,6.55,6.83,9.58
2019,OK,Total Electric Industry,10.21,7.98,5.07,0.0,7.86
2019,OR,Total Electric Industry,11.01,8.85,5.86,9.14,8.81
2019,PA,Total Electric Industry,13.8,8.71,6.41,7.26,9.81
2019,RI,Total Electric Industry,21.73,16.38,15.59,18.49,18.49
2019,SC,Total Electric Industry,12.99,10.58,6.11,0.0,10.02
2019,SD,Total Electric Industry,11.55,9.59,7.81,0.0,9.96
2019,TN,Total Electric Industry,10.87,10.65,5.68,0.0,9.69
2019,TX,Total Electric Industry,11.76,8.06,5.45,6.44,8.6
2019,UT,Total Electric Industry,10.4,8.26,5.98,10.62,8.24
2019,VA,Total Electric Industry,12.07,8.18,6.85,8.27,9.52
2019,VT,Total Electric Industry,17.71,15.98,11.05,0.0,15.36
2019,WA,Total Electric Industry,9.71,8.75,4.8,9.45,8.04
2019,WI,Total Electric Industry,14.18,10.72,7.31,13.85,10.66
2019,WV,Total Electric Industry,11.25,9.16,6.02,0.0,8.49
2019,WY,Total Electric Industry,11.18,9.64,6.73,0.0,8.1
2019,US,Total Electric Industry,13.01,10.68,6.81,9.66,10.54
2019,AK,Full-Service Providers,22.92,19.8,16.94,0.0,20.22
2019,AL,Full-Service Providers,12.53,11.52,5.95,0.0,9.83
2019,AR,Full-Service Providers,9.8,8.78,6.13,11.73,8.22
2019,AZ,Full-Service Providers,12.43,10.25,6.28,9.68,10.52
2019,CA,Full-Service Providers,18.7,16.62,13.88,13.08,16.89
2019,CO,Full-Service Providers,12.18,10.43,7.4,8.7,10.17
2019,CT,Full-Service Providers,21.44,16.63,11.11,13.69,19.55
2019,DC,Full-Service Providers,12.17,12.75,0.0,0.0,12.38
2019,DE,Full-Service Providers,12.42,11.64,9.63,0.0,11.88
2019,FL,Full-Service Providers,11.7,9.27,7.65,8.32,10.44
2019,GA,Full-Service Providers,11.76,10.02,6.17,5.85,9.86
2019,HI,Full-Service Providers,32.06,29.23,25.76,0.0,28.72
2019,IA,Full-Service Providers,12.46,9.99,6.6,0.0,9.08
2019,ID,Full-Service Providers,9.89,7.67,6.08,0.0,7.89
2019,IL,Full-Service Providers,12.66,10.08,7.49,0.0,11.31
2019,IN,Full-Service Providers,12.58,11.03,7.36,10.76,9.91
2019,KS,Full-Service Providers,12.71,10.29,7.35,0.0,10.26
2019,KY,Full-Service Providers,10.8,10.15,5.57,0.0,8.61
2019,LA,Full-Service Providers,9.8,8.91,5.23,9.08,7.71
2019,MA,Full-Service Providers,20.76,17.11,13.85,0.0,18.78
2019,MD,Full-Service Providers,12.72,11.3,9.17,0.0,12.33
2019,ME,Full-Service Providers,17.6,14.14,10.19,0.0,16.17
2019,MI,Full-Service Providers,15.74,11.83,7.34,10.56,12.04
2019,MN,Full-Service Providers,13.04,10.34,7.53,9.49,10.33
2019,MO,Full-Service Providers,11.14,9.07,7.11,7.89,9.68
2019,MS,Full-Service Providers,11.27,10.52,5.85,0.0,9.28
2019,MT,Full-Service Providers,11.13,10.55,7.96,0.0,10.42
2019,NC,Full-Service Providers,11.42,8.81,6.3,8.2,9.45
2019,ND,Full-Service Providers,10.3,9.01,7.94,0.0,8.85
2019,NE,Full-Service Providers,10.77,8.85,7.65,0.0,9.08
2019,NH,Full-Service Providers,19.63,16.49,12.6,0.0,18.53
2019,NJ,Full-Service Providers,15.68,12.61,8.49,9.59,14.32
2019,NM,Full-Service Providers,12.51,9.79,5.48,0.0,8.99
2019,NV,Full-Service Providers,12.0,8.97,6.64,8.51,9.4
2019,NY,Full-Service Providers,17.4,15.67,5.32,13.42,16.21
2019,OH,Full-Service Providers,12.19,11.37,8.74,7.17,11.38
2019,OK,Full-Service Providers,10.21,7.98,5.07,0.0,7.86
2019,OR,Full-Service Providers,11.01,8.98,5.91,9.14,8.97
2019,PA,Full-Service Providers,13.07,10.5,7.01,0.0,12.23
2019,RI,Full-Service Providers,21.45,17.26,18.77,0.0,20.1
2019,SC,Full-Service Providers,12.99,10.58,6.11,0.0,10.02
2019,SD,Full-Service Providers,11.55,9.59,7.81,0.0,9.96
2019,TN,Full-Service Providers,10.87,10.65,5.68,0.0,9.69
2019,TX,Full-Service Providers,11.76,8.06,5.45,6.44,8.6
2019,UT,Full-Service Providers,10.4,8.26,5.98,10.62,8.24
2019,VA,Full-Service Providers,12.07,8.21,6.93,8.27,9.57
2019,VT,Full-Service Providers,17.71,15.98,11.05,0.0,15.36
2019,WA,Full-Service Providers,9.71,8.78,4.92,9.45,8.16
2019,WI,Full-Service Providers,14.18,10.72,7.31,13.85,10.66
2019,WV,Full-Service Providers,11.25,9.16,6.02,0.0,8.49
2019,WY,Full-Service Providers,11.18,9.64,6.73,0.0,8.1
2019,US,Full-Service Providers,12.72,10.39,6.75,10.2,10.44
2019,CA,Restructured Retail Service Providers,20.87,16.8,12.2,5.23,16.9
2019,CT,Restructured Retail Service Providers,23.16,16.79,14.32,13.69,17.8
2019,DC,Restructured Retail Service Providers,15.68,12.18,8.22,9.5,12.23
2019,DE,Restructured Retail Service Providers,14.59,8.26,6.06,0.0,8.13
2019,IL,Restructured Retail Service Providers,13.69,8.61,6.39,6.91,8.56
2019,MA,Restructured Retail Service Providers,23.71,16.68,15.33,6.15,18.14
2019,MD,Restructured Retail Service Providers,14.92,9.54,7.6,7.37,10.16
2019,ME,Restructured Retail Service Providers,20.15,11.71,9.08,0.0,11.38
2019,MI,Restructured Retail Service Providers,15.95,7.53,5.74,0.0,6.52
2019,MT,Restructured Retail Service Providers,11.43,5.72,4.06,0.0,4.12
2019,NH,Restructured Retail Service Providers,22.04,15.68,13.16,0.0,15.81
2019,NJ,Restructured Retail Service Providers,17.1,12.03,10.79,8.6,12.34
2019,NV,Restructured Retail Service Providers,0.0,5.27,2.76,0.0,4.39
2019,NY,Restructured Retail Service Providers,20.96,13.15,5.68,12.17,12.46
2019,OH,Restructured Retail Service Providers,12.59,9.31,6.11,6.81,8.78
2019,OR,Restructured Retail Service Providers,0.0,6.78,5.44,0.0,5.93
2019,PA,Restructured Retail Service Providers,15.47,8.13,6.37,7.26,8.52
2019,RI,Restructured Retail Service Providers,24.18,15.95,14.77,18.49,16.54
2019,VA,Restructured Retail Service Providers,0.0,5.52,5.77,0.0,5.69
2019,WA,Restructured Retail Service Providers,0.0,5.68,3.54,0.0,3.76
2019,US,Restructured Retail Service Providers,16.84,11.75,7.09,9.49,11.12
2019,CA,Energy-Only Providers,7.53,6.74,5.89,3.58,6.76
2019,CT,Energy-Only Providers,10.28,8.59,7.88,8.85,8.85
2019,DC,Energy-Only Providers,11.04,6.81,6.68,6.09,7.09
2019,DE,Energy-Only Providers,9.08,6.01,5.34,0.0,6.05
2019,IL,Energy-Only Providers,7.68,5.67,4.82,5.21,5.67
2019,MA,Energy-Only Providers,12.39,9.93,9.29,5.23,10.41
2019,MD,Energy-Only Providers,9.51,6.08,5.6,5.74,6.57
2019,ME,Energy-Only Providers,11.65,7.17,6.25,0.0,7.22
2019,MI,Energy-Only Providers,8.93,5.49,5.15,0.0,5.3
2019,MT,Energy-Only Providers,5.71,3.2,3.57,0.0,3.56
2019,NH,Energy-Only Providers,11.73,8.12,7.6,0.0,8.48
2019,NJ,Energy-Only Providers,12.33,8.06,7.47,6.86,8.41
2019,NV,Energy-Only Providers,0.0,4.09,2.62,0.0,3.57
2019,NY,Energy-Only Providers,9.15,6.41,3.86,7.2,6.22
2019,OH,Energy-Only Providers,6.12,4.91,4.54,4.78,5.05
2019,OR,Energy-Only Providers,0.0,3.92,3.82,0.0,3.86
2019,PA,Energy-Only Providers,8.97,5.82,5.37,5.7,6.14
2019,RI,Energy-Only Providers,13.33,8.45,7.87,9.72,8.82
2019,VA,Energy-Only Providers,0.0,4.91,5.5,0.0,5.31
2019,WA,Energy-Only Providers,0.0,2.76,2.94,0.0,2.92
2019,US,Energy-Only Providers,8.35,6.52,5.11,6.25,6.39
2019,CA,Delivery-Only Service,13.34,10.06,6.31,1.65,10.14
2019,CT,Delivery-Only Service,12.88,8.2,6.43,4.84,8.95
2019,DC,Delivery-Only Service,4.64,5.37,1.55,3.4,5.14
2019,DE,Delivery-Only Service,5.52,2.25,0.73,0.0,2.08
2019,IL,Delivery-Only Service,6.01,2.93,1.57,1.69,2.89
2019,MA,Delivery-Only Service,11.32,6.75,6.04,0.92,7.73
2019,MD,Delivery-Only Service,5.41,3.46,2.0,1.63,3.59
2019,ME,Delivery-Only Service,8.5,4.54,2.83,0.0,4.16
2019,MI,Delivery-Only Service,7.02,2.04,0.59,0.0,1.22
2019,MT,Delivery-Only Service,5.71,2.52,0.48,0.0,0.57
2019,NH,Delivery-Only Service,10.32,7.56,5.55,0.0,7.33
2019,NJ,Delivery-Only Service,4.77,3.97,3.33,1.74,3.94
2019,NV,Delivery-Only Service,0.0,1.18,0.14,0.0,0.82
2019,NY,Delivery-Only Service,11.81,6.74,1.82,4.97,6.24
2019,OH,Delivery-Only Service,6.47,4.39,1.56,2.03,3.73
2019,OR,Delivery-Only Service,0.0,2.86,1.62,0.0,2.08
2019,PA,Delivery-Only Service,6.5,2.31,1.0,1.56,2.38
2019,RI,Delivery-Only Service,10.85,7.5,6.9,8.77,7.72
2019,VA,Delivery-Only Service,0.0,0.61,0.28,0.0,0.38
2019,WA,Delivery-Only Service,0.0,2.92,0.6,0.0,0.84
2019,US,Delivery-Only Service,8.48,5.24,1.98,3.24,4.73
2018,AK,Total Electric Industry,21.94,18.58,17.1,0.0,19.36
2018,AL,Total Electric Industry,12.18,11.24,6.01,0.0,9.63
2018,AR,Total Electric Industry,9.81,7.75,5.64,11.35,7.78
2018,AZ,Total Electric Industry,12.77,10.64,6.55,10.02,10.85
2018,CA,Total Electric Industry,18.84,16.34,13.2,8.64,16.58
2018,CO,Total Electric Industry,12.15,10.02,7.47,9.0,10.02
2018,CT,Total Electric Industry,21.2,16.76,13.77,12.84,18.41
2018,DC,Total Electric Industry,12.84,11.97,8.3,9.54,12.03
2018,DE,Total Electric Industry,12.53,9.65,7.95,0.0,10.55
2018,FL,Total Electric Industry,11.54,9.19,7.65,8.26,10.32
2018,GA,Total Electric Industry,11.47,9.79,6.0,5.52,9.62
2018,HI,Total Electric Industry,32.47,29.9,26.1,0.0,29.18
2018,IA,Total Electric Industry,12.24,9.68,6.45,0.0,8.92
2018,ID,Total Electric Industry,10.15,7.93,6.47,0.0,8.17
2018,IL,Total Electric Industry,12.77,9.12,6.8,6.75,9.6
2018,IN,Total Electric Industry,12.26,10.6,7.38,10.44,9.75
2018,KS,Total Electric Industry,13.35,10.66,7.6,0.0,10.72
2018,KY,Total Electric Industry,10.6,9.74,5.68,0.0,8.52
2018,LA,Total Electric Industry,9.59,8.85,5.35,9.21,7.71
2018,MA,Total Electric Industry,21.61,17.17,14.89,6.38,18.5
2018,MD,Total Electric Industry,13.3,10.43,8.23,7.44,11.57
2018,ME,Total Electric Industry,16.84,12.51,9.32,0.0,13.44
2018,MI,Total Electric Industry,15.45,11.15,7.1,10.76,11.4
2018,MN,Total Electric Industry,13.14,10.38,7.52,9.58,10.37
2018,MO,Total Electric Industry,11.34,9.4,7.22,8.52,9.93
2018,MS,Total Electric Industry,11.12,10.43,6.0,0.0,9.24
2018,MT,Total Electric Industry,10.96,10.11,5.19,0.0,8.84
2018,NC,Total Electric Industry,11.09,8.58,6.33,8.02,9.25
2018,ND,Total Electric Industry,10.25,9.1,7.98,0.0,8.91
2018,NE,Total Electric Industry,10.7,8.83,7.6,0.0,9.02
2018,NH,Total Electric Industry,19.69,15.81,13.42,0.0,17.01
2018,NJ,Total Electric Industry,15.41,12.21,10.07,9.07,13.23
2018,NM,Total Electric Industry,12.68,10.02,5.84,0.0,9.35
2018,NV,Total Electric Industry,11.85,7.74,6.1,8.31,8.67
2018,NY,Total Electric Industry,18.52,14.5,6.02,12.14,14.83
2018,OH,Total Electric Industry,12.56,10.11,7.01,7.33,9.94
2018,OK,Total Electric Industry,10.3,8.07,5.34,0.0,8.09
2018,OR,Total Electric Industry,10.98,8.91,5.86,9.16,8.85
2018,PA,Total Electric Industry,13.89,8.94,6.84,7.78,10.1
2018,RI,Total Electric Industry,20.55,16.58,15.39,17.01,18.1
2018,SC,Total Electric Industry,12.44,10.11,6.1,0.0,9.67
2018,SD,Total Electric Industry,11.59,9.62,7.77,0.0,9.97
2018,TN,Total Electric Industry,10.71,10.51,5.68,0.0,9.58
2018,TX,Total Electric Industry,11.2,8.16,5.39,8.08,8.48
2018,UT,Total Electric Industry,10.41,8.23,5.9,10.59,8.21
2018,VA,Total Electric Industry,11.73,8.32,6.86,8.28,9.48
2018,VT,Total Electric Industry,18.02,15.24,10.66,0.0,15.13
2018,WA,Total Electric Industry,9.75,8.72,4.72,9.38,8.0
2018,WI,Total Electric Industry,14.02,10.67,7.33,13.85,10.58
2018,WV,Total Electric Industry,11.18,9.24,6.4,0.0,8.72
2018,WY,Total Electric Industry,11.29,9.58,6.71,0.0,8.09
2018,US,Total Electric Industry,12.87,10.67,6.92,9.7,10.53
2018,AK,Full-Service Providers,21.94,18.58,17.1,0.0,19.36
2018,AL,Full-Service Providers,12.18,11.24,6.01,0.0,9.63
2018,AR,Full-Service Providers,9.81,7.75,5.64,11.35,7.78
2018,AZ,Full-Service Providers,12.77,10.64,6.55,10.02,10.85
2018,CA,Full-Service Providers,18.55,16.52,13.85,12.85,16.83
2018,CO,Full-Service Providers,12.15,10.02,7.47,9.0,10.02
2018,CT,Full-Service Providers,20.75,16.58,11.49,12.5,19.11
2018,DC,Full-Service Providers,12.11,12.81,0.0,0.0,12.37
2018,DE,Full-Service Providers,12.4,11.13,9.94,0.0,11.8
2018,FL,Full-Service Providers,11.54,9.19,7.65,8.26,10.32
2018,GA,Full-Service Providers,11.47,9.79,6.0,5.52,9.62
2018,HI,Full-Service Providers,32.47,29.9,26.1,0.0,29.18
2018,IA,Full-Service Providers,12.24,9.68,6.45,0.0,8.92
2018,ID,Full-Service Providers,10.15,7.93,6.47,0.0,8.17
2018,IL,Full-Service Providers,12.6,10.32,7.41,0.0,11.3
2018,IN,Full-Service Providers,12.26,10.6,7.38,10.44,9.75
2018,KS,Full-Service Providers,13.35,10.66,7.6,0.0,10.72
2018,KY,Full-Service Providers,10.6,9.74,5.68,0.0,8.52
2018,LA,Full-Service Providers,9.59,8.85,5.35,9.21,7.71
2018,MA,Full-Service Providers,20.64,17.4,13.66,0.0,18.82
2018,MD,Full-Service Providers,12.94,11.39,9.24,0.0,12.53
2018,ME,Full-Service Providers,16.55,13.39,10.41,0.0,15.27
2018,MI,Full-Service Providers,15.45,11.54,7.35,10.76,11.84
2018,MN,Full-Service Providers,13.14,10.38,7.52,9.58,10.37
2018,MO,Full-Service Providers,11.34,9.4,7.22,8.52,9.93
2018,MS,Full-Service Providers,11.12,10.43,6.0,0.0,9.24
2018,MT,Full-Service Providers,10.96,10.26,7.64,0.0,10.16
2018,NC,Full-Service Providers,11.09,8.58,6.33,8.02,9.25
2018,ND,Full-Service Providers,10.25,9.1,7.98,0.0,8.91
2018,NE,Full-Service Providers,10.7,8.83,7.6,0.0,9.02
2018,NH,Full-Service Providers,19.31,16.38,13.29,0.0,18.29
2018,NJ,Full-Service Providers,15.19,12.63,8.06,0.0,14.07
2018,NM,Full-Service Providers,12.68,10.02,5.84,0.0,9.35
2018,NV,Full-Service Providers,11.85,8.83,6.58,8.31,9.33
2018,NY,Full-Service Providers,18.01,16.27,5.9,14.1,16.88
2018,OH,Full-Service Providers,12.37,11.27,8.75,7.9,11.52
2018,OK,Full-Service Providers,10.3,8.07,5.34,0.0,8.09
2018,OR,Full-Service Providers,10.98,9.06,5.95,9.16,9.02
2018,PA,Full-Service Providers,13.19,10.48,8.93,0.0,12.46
2018,RI,Full-Service Providers,20.34,17.89,17.04,0.0,19.51
2018,SC,Full-Service Providers,12.44,10.11,6.1,0.0,9.67
2018,SD,Full-Service Providers,11.59,9.62,7.77,0.0,9.97
2018,TN,Full-Service Providers,10.71,10.51,5.68,0.0,9.58
2018,TX,Full-Service Providers,11.2,8.16,5.39,8.08,8.48
2018,UT,Full-Service Providers,10.41,8.23,5.9,10.59,8.21
2018,VA,Full-Service Providers,11.73,8.33,6.86,8.28,9.5
2018,VT,Full-Service Providers,18.02,15.24,10.66,0.0,15.13
2018,WA,Full-Service Providers,9.75,8.72,4.83,9.38,8.11
2018,WI,Full-Service Providers,14.02,10.67,7.33,13.85,10.58
2018,WV,Full-Service Providers,11.18,9.24,6.4,0.0,8.72
2018,WY,Full-Service Providers,11.29,9.58,6.71,0.0,8.09
2018,US,Full-Service Providers,12.61,10.39,6.81,10.44,10.44
2018,CA,Restructured Retail Service Providers,21.56,15.74,11.36,5.15,15.51
2018,CT,Restructured Retail Service Providers,22.42,16.83,14.66,13.11,17.78
2018,DC,Restructured Retail Service Providers,15.15,11.83,8.3,9.54,11.9
2018,DE,Restructured Retail Service Providers,14.49,8.64,6.69,0.0,8.41
2018,IL,Restructured Retail Service Providers,13.06,8.56,6.7,6.75,8.62
2018,MA,Restructured Retail Service Providers,23.12,17.09,15.64,6.38,18.29
2018,MD,Restructured Retail Service Providers,14.86,10.14,8.09,7.44,10.65
2018,ME,Restructured Retail Service Providers,18.74,11.78,9.19,0.0,11.35
2018,MI,Restructured Retail Service Providers,15.59,7.65,5.81,0.0,6.62
2018,MT,Restructured Retail Service Providers,11.67,5.04,3.65,0.0,3.71
2018,NH,Restructured Retail Service Providers,21.19,15.56,13.44,0.0,15.83
2018,NJ,Restructured Retail Service Providers,16.88,11.99,10.68,9.07,12.28
2018,NV,Restructured Retail Service Providers,0.0,4.85,2.68,0.0,4.17
2018,NY,Restructured Retail Service Providers,21.22,13.59,6.04,11.89,12.86
2018,OH,Restructured Retail Service Providers,12.79,9.81,6.68,7.29,9.25
2018,OR,Restructured Retail Service Providers,0.0,6.48,5.16,0.0,5.65
2018,PA,Restructured Retail Service Providers,15.31,8.46,6.74,7.78,8.91
2018,RI,Restructured Retail Service Providers,22.22,15.97,14.95,17.01,16.44
2018,VA,Restructured Retail Service Providers,0.0,6.0,6.73,0.0,6.45
2018,WA,Restructured Retail Service Providers,0.0,3.49,3.37,0.0,3.37
2018,US,Restructured Retail Service Providers,16.3,11.73,7.37,9.49,11.06
2018,CA,Energy-Only Providers,6.69,6.31,5.59,3.54,6.16
2018,CT,Energy-Only Providers,9.89,8.47,8.18,8.31,8.76
2018,DC,Energy-Only Providers,10.9,7.0,6.72,6.1,7.25
2018,DE,Energy-Only Providers,9.08,6.38,5.92,0.0,6.42
2018,IL,Energy-Only Providers,7.59,5.83,5.26,5.25,5.92
2018,MA,Energy-Only Providers,12.21,10.22,9.68,5.48,10.59
2018,MD,Energy-Only Providers,9.58,6.69,6.09,5.7,7.08
2018,ME,Energy-Only Providers,10.28,7.48,6.31,0.0,7.25
2018,MI,Energy-Only Providers,8.5,5.57,5.22,0.0,5.37
2018,MT,Energy-Only Providers,6.67,2.64,3.16,0.0,3.13
2018,NH,Energy-Only Providers,11.25,8.3,7.97,0.0,8.68
2018,NJ,Energy-Only Providers,12.24,8.28,7.57,7.18,8.58
2018,NV,Energy-Only Providers,0.0,3.84,2.53,0.0,3.43
2018,NY,Energy-Only Providers,9.55,6.87,4.29,7.12,6.66
2018,OH,Energy-Only Providers,6.17,5.24,4.9,5.13,5.32
2018,OR,Energy-Only Providers,0.0,3.47,3.47,0.0,3.47
2018,PA,Energy-Only Providers,8.78,6.25,5.78,6.11,6.5
2018,RI,Energy-Only Providers,11.77,8.73,8.17,7.74,8.94
2018,VA,Energy-Only Providers,0.0,5.45,6.43,0.0,6.05
2018,WA,Energy-Only Providers,0.0,2.79,2.69,0.0,2.69
2018,US,Energy-Only Providers,8.35,6.77,5.43,6.32,6.59
2018,CA,Delivery-Only Service,14.87,9.43,5.76,1.61,9.35
2018,CT,Delivery-Only Service,12.53,8.35,6.47,4.8,9.02
2018,DC,Delivery-Only Service,4.25,4.83,1.58,3.44,4.65
2018,DE,Delivery-Only Service,5.4,2.26,0.77,0.0,1.99
2018,IL,Delivery-Only Service,5.47,2.72,1.44,1.5,2.7
2018,MA,Delivery-Only Service,10.91,6.88,5.96,0.9,7.7
2018,MD,Delivery-Only Service,5.28,3.45,2.0,1.74,3.57
2018,ME,Delivery-Only Service,8.45,4.3,2.88,0.0,4.1
2018,MI,Delivery-Only Service,7.08,2.09,0.59,0.0,1.25
2018,MT,Delivery-Only Service,5.0,2.4,0.49,0.0,0.58
2018,NH,Delivery-Only Service,9.94,7.25,5.47,0.0,7.15
2018,NJ,Delivery-Only Service,4.64,3.72,3.11,1.88,3.7
2018,NV,Delivery-Only Service,0.0,1.01,0.16,0.0,0.74
2018,NY,Delivery-Only Service,11.67,6.71,1.75,4.77,6.2
2018,OH,Delivery-Only Service,6.62,4.57,1.79,2.16,3.93
2018,OR,Delivery-Only Service,0.0,3.01,1.68,0.0,2.18
2018,PA,Delivery-Only Service,6.53,2.21,0.96,1.67,2.42
2018,RI,Delivery-Only Service,10.46,7.23,6.78,9.26,7.5
2018,VA,Delivery-Only Service,0.0,0.55,0.3,0.0,0.4
2018,WA,Delivery-Only Service,0.0,0.7,0.68,0.0,0.68
2018,US,Delivery-Only Service,7.95,4.96,1.95,3.17,4.47
2017,AK,Total Electric Industry,21.27,18.89,16.34,0.0,19.1
2017,AL,Total Electric Industry,12.55,11.6,6.16,0.0,9.83
2017,AR,Total Electric Industry,10.28,8.51,6.07,12.26,8.26
2017,AZ,Total Electric Industry,12.44,10.5,6.45,9.65,10.64
2017,CA,Total Electric Industry,18.31,15.76,12.73,8.68,16.06
2017,CO,Total Electric Industry,12.17,9.89,7.5,9.77,9.99
2017,CT,Total Electric Industry,20.29,16.06,13.1,10.95,17.55
2017,DC,Total Electric Industry,12.94,11.66,8.23,8.9,11.8
2017,DE,Total Electric Industry,13.35,9.89,7.78,0.0,10.91
2017,FL,Total Electric Industry,11.61,9.35,7.83,8.62,10.42
2017,GA,Total Electric Industry,11.9,10.09,5.96,5.35,9.83
2017,HI,Total Electric Industry,29.5,26.77,22.92,0.0,26.05
2017,IA,Total Electric Industry,12.34,9.46,6.21,0.0,8.73
2017,ID,Total Electric Industry,10.04,7.98,6.66,0.0,8.26
2017,IL,Total Electric Industry,12.95,9.09,6.47,6.35,9.49
2017,IN,Total Electric Industry,12.29,10.54,7.54,11.23,9.77
2017,KS,Total Electric Industry,13.31,10.59,7.54,0.0,10.6
2017,KY,Total Electric Industry,10.85,9.85,5.72,0.0,8.57
2017,LA,Total Electric Industry,9.74,8.95,5.48,9.93,7.79
2017,MA,Total Electric Industry,20.06,15.94,13.88,6.22,17.12
2017,MD,Total Electric Industry,13.96,10.75,8.37,7.74,11.98
2017,ME,Total Electric Industry,15.97,12.12,9.2,0.0,13.02
2017,MI,Total Electric Industry,15.4,11.0,7.19,11.99,11.28
2017,MN,Total Electric Industry,13.04,10.48,7.37,9.56,10.27
2017,MO,Total Electric Industry,11.63,9.47,7.33,8.42,10.03
2017,MS,Total Electric Industry,11.08,10.17,5.99,0.0,9.09
2017,MT,Total Electric Industry,10.95,10.12,5.25,0.0,8.92
2017,NC,Total Electric Industry,10.94,8.44,6.2,8.55,9.04
2017,ND,Total Electric Industry,10.29,9.19,7.63,0.0,8.78
2017,NE,Total Electric Industry,10.97,8.85,7.66,0.0,9.08
2017,NH,Total Electric Industry,19.2,14.81,12.34,0.0,16.17
2017,NJ,Total Electric Industry,15.65,12.28,10.12,8.81,13.32
2017,NM,Total Electric Industry,12.88,10.19,6.15,0.0,9.59
2017,NV,Total Electric Industry,11.99,7.96,6.15,8.61,8.76
2017,NY,Total Electric Industry,18.03,14.75,5.92,12.67,14.74
2017,OH,Total Electric Industry,12.63,10.05,6.92,7.5,9.84
2017,OK,Total Electric Industry,10.61,8.11,5.42,0.0,8.2
2017,OR,Total Electric Industry,10.66,8.86,5.98,9.35,8.81
2017,PA,Total Electric Industry,14.23,8.98,6.77,7.16,10.13
2017,RI,Total Electric Industry,18.32,15.2,14.57,17.08,16.42
2017,SC,Total Electric Industry,13.02,10.57,6.19,0.0,9.97
2017,SD,Total Electric Industry,11.77,9.74,7.84,0.0,10.05
2017,TN,Total Electric Industry,10.72,10.55,5.83,0.0,9.45
2017,TX,Total Electric Industry,11.01,8.26,5.35,8.16,8.38
2017,UT,Total Electric Industry,10.95,8.65,6.13,10.26,8.6
2017,VA,Total Electric Industry,11.55,8.01,6.51,8.11,9.18
2017,VT,Total Electric Industry,17.68,14.61,10.21,0.0,14.6
2017,WA,Total Electric Industry,9.66,8.57,4.6,9.18,7.94
2017,WI,Total Electric Industry,14.35,10.87,7.49,14.31,10.76
2017,WV,Total Electric Industry,11.63,9.58,6.64,0.0,9.0
2017,WY,Total Electric Industry,11.37,9.7,6.92,0.0,8.28
2017,US,Total Electric Industry,12.89,10.66,6.88,9.68,10.48
2017,AK,Full-Service Providers,21.27,18.89,16.34,0.0,19.1
2017,AL,Full-Service Providers,12.55,11.6,6.16,0.0,9.83
2017,AR,Full-Service Providers,10.28,8.51,6.07,12.26,8.26
2017,AZ,Full-Service Providers,12.44,10.5,6.45,9.65,10.64
2017,CA,Full-Service Providers,18.15,16.1,13.51,12.0,16.44
2017,CO,Full-Service Providers,12.17,9.89,7.5,9.77,9.99
2017,CT,Full-Service Providers,19.82,15.34,10.55,9.26,18.1
2017,DC,Full-Service Providers,12.21,12.04,0.0,0.0,12.15
2017,DE,Full-Service Providers,13.23,11.71,9.87,0.0,12.43
2017,FL,Full-Service Providers,11.61,9.35,7.83,8.62,10.42
2017,GA,Full-Service Providers,11.9,10.09,5.96,5.35,9.83
2017,HI,Full-Service Providers,29.5,26.77,22.92,0.0,26.05
2017,IA,Full-Service Providers,12.34,9.46,6.21,0.0,8.73
2017,ID,Full-Service Providers,10.04,7.98,6.66,0.0,8.26
2017,IL,Full-Service Providers,12.64,9.99,7.24,0.0,11.14
2017,IN,Full-Service Providers,12.29,10.54,7.54,11.23,9.77
2017,KS,Full-Service Providers,13.31,10.59,7.54,0.0,10.6
2017,KY,Full-Service Providers,10.85,9.85,5.72,0.0,8.57
2017,LA,Full-Service Providers,9.74,8.95,5.48,9.93,7.79
2017,MA,Full-Service Providers,19.0,14.89,12.65,0.0,16.99
2017,MD,Full-Service Providers,13.61,11.45,9.3,0.0,13.03
2017,ME,Full-Service Providers,15.56,11.67,10.14,0.0,14.16
2017,MI,Full-Service Providers,15.4,11.37,7.49,11.99,11.74
2017,MN,Full-Service Providers,13.04,10.48,7.37,9.56,10.27
2017,MO,Full-Service Providers,11.63,9.47,7.33,8.42,10.03
2017,MS,Full-Service Providers,11.08,10.17,5.99,0.0,9.09
2017,MT,Full-Service Providers,10.95,10.26,7.66,0.0,10.16
2017,NC,Full-Service Providers,10.94,8.44,6.2,8.55,9.04
2017,ND,Full-Service Providers,10.29,9.19,7.63,0.0,8.78
2017,NE,Full-Service Providers,10.97,8.85,7.66,0.0,9.08
2017,NH,Full-Service Providers,19.69,19.45,21.66,0.0,19.71
2017,NJ,Full-Service Providers,15.49,12.79,7.53,0.0,14.24
2017,NM,Full-Service Providers,12.88,10.19,6.15,0.0,9.59
2017,NV,Full-Service Providers,11.99,8.69,6.55,8.61,9.26
2017,NY,Full-Service Providers,17.44,16.32,5.6,14.0,16.51
2017,OH,Full-Service Providers,12.54,11.24,8.91,9.29,11.63
2017,OK,Full-Service Providers,10.61,8.11,5.42,0.0,8.2
2017,OR,Full-Service Providers,10.66,8.99,6.12,9.35,8.98
2017,PA,Full-Service Providers,13.64,10.91,7.59,0.0,12.77
2017,RI,Full-Service Providers,17.99,16.15,15.41,0.0,17.37
2017,SC,Full-Service Providers,13.02,10.57,6.19,0.0,9.97
2017,SD,Full-Service Providers,11.77,9.74,7.84,0.0,10.05
2017,TN,Full-Service Providers,10.72,10.55,5.83,0.0,9.45
2017,TX,Full-Service Providers,11.01,8.26,5.35,8.16,8.38
2017,UT,Full-Service Providers,10.95,8.64,6.13,10.26,8.6
2017,VA,Full-Service Providers,11.55,8.02,6.55,8.11,9.2
2017,VT,Full-Service Providers,17.68,14.61,10.21,0.0,14.6
2017,WA,Full-Service Providers,9.66,8.58,4.75,9.18,8.06
2017,WI,Full-Service Providers,14.35,10.87,7.49,14.31,10.76
2017,WV,Full-Service Providers,11.63,9.58,6.64,0.0,9.0
2017,WY,Full-Service Providers,11.37,9.7,6.92,0.0,8.28
2017,US,Full-Service Providers,12.66,10.44,6.82,10.32,10.43
2017,CA,Restructured Retail Service Providers,20.96,14.13,10.05,5.23,13.73
2017,CT,Restructured Retail Service Providers,21.38,16.3,14.03,11.09,17.11
2017,DC,Restructured Retail Service Providers,15.17,11.6,8.23,8.9,11.67
2017,DE,Restructured Retail Service Providers,14.84,8.71,6.4,0.0,8.43
2017,IL,Restructured Retail Service Providers,13.48,8.66,6.35,6.35,8.56
2017,MA,Restructured Retail Service Providers,22.04,16.3,14.63,6.22,17.22
2017,MD,Restructured Retail Service Providers,15.4,10.54,8.25,7.74,11.04
2017,ME,Restructured Retail Service Providers,18.25,12.53,9.13,0.0,11.7
2017,MI,Restructured Retail Service Providers,15.55,7.61,5.72,0.0,6.52
2017,MT,Restructured Retail Service Providers,10.91,5.32,3.53,0.0,3.62
2017,NH,Restructured Retail Service Providers,17.38,12.71,11.11,0.0,12.98
2017,NJ,Restructured Retail Service Providers,16.52,12.04,10.9,8.81,12.37
2017,NV,Restructured Retail Service Providers,0.0,5.39,2.95,0.0,4.51
2017,NY,Restructured Retail Service Providers,20.81,13.96,5.99,12.48,13.12
2017,OH,Restructured Retail Service Providers,12.74,9.73,6.55,7.34,9.05
2017,OR,Restructured Retail Service Providers,0.0,6.46,4.94,0.0,5.5
2017,PA,Restructured Retail Service Providers,15.32,8.43,6.73,7.16,8.9
2017,RI,Restructured Retail Service Providers,20.73,14.76,14.36,17.08,15.34
2017,VA,Restructured Retail Service Providers,0.0,6.22,4.73,0.0,5.2
2017,WA,Restructured Retail Service Providers,0.0,3.85,3.17,0.0,3.18
2017,US,Restructured Retail Service Providers,16.04,11.55,7.11,9.5,10.79
2017,CA,Energy-Only Providers,6.8,5.65,4.68,3.5,5.49
2017,CT,Energy-Only Providers,8.98,8.08,7.67,5.92,8.21
2017,DC,Energy-Only Providers,10.84,7.05,6.79,5.7,7.27
2017,DE,Energy-Only Providers,9.46,6.44,5.54,0.0,6.38
2017,IL,Energy-Only Providers,7.41,5.93,5.08,4.96,5.84
2017,MA,Energy-Only Providers,11.37,9.16,8.79,5.3,9.55
2017,MD,Energy-Only Providers,9.81,6.91,6.06,5.9,7.27
2017,ME,Energy-Only Providers,9.65,7.05,6.24,0.0,7.02
2017,MI,Energy-Only Providers,8.5,5.53,5.12,0.0,5.29
2017,MT,Energy-Only Providers,6.36,2.9,3.02,0.0,3.01
2017,NH,Energy-Only Providers,10.06,7.75,7.39,0.0,8.01
2017,NJ,Energy-Only Providers,11.76,8.13,7.54,7.17,8.47
2017,NV,Energy-Only Providers,0.0,4.39,2.81,0.0,3.82
2017,NY,Energy-Only Providers,9.38,7.04,4.12,7.28,6.74
2017,OH,Energy-Only Providers,6.23,5.33,4.86,5.01,5.33
2017,OR,Energy-Only Providers,0.0,3.5,3.48,0.0,3.49
2017,PA,Energy-Only Providers,8.49,6.23,5.75,5.49,6.42
2017,RI,Energy-Only Providers,10.38,7.6,7.74,7.95,7.92
2017,VA,Energy-Only Providers,0.0,5.59,4.54,0.0,4.87
2017,WA,Energy-Only Providers,0.0,2.88,2.56,0.0,2.56
2017,US,Energy-Only Providers,8.26,6.7,5.26,6.19,6.47
2017,CA,Delivery-Only Service,14.16,8.49,5.36,1.73,8.24
2017,CT,Delivery-Only Service,12.39,8.22,6.35,5.16,8.9
2017,DC,Delivery-Only Service,4.33,4.55,1.44,3.2,4.4
2017,DE,Delivery-Only Service,5.38,2.27,0.87,0.0,2.05
2017,IL,Delivery-Only Service,6.07,2.74,1.28,1.39,2.73
2017,MA,Delivery-Only Service,10.68,7.14,5.84,0.92,7.67
2017,MD,Delivery-Only Service,5.59,3.63,2.19,1.84,3.76
2017,ME,Delivery-Only Service,8.61,5.49,2.89,0.0,4.68
2017,MI,Delivery-Only Service,7.05,2.08,0.6,0.0,1.23
2017,MT,Delivery-Only Service,4.55,2.42,0.51,0.0,0.61
2017,NH,Delivery-Only Service,7.32,4.96,3.72,0.0,4.97
2017,NJ,Delivery-Only Service,4.76,3.9,3.36,1.65,3.9
2017,NV,Delivery-Only Service,0.0,0.99,0.14,0.0,0.69
2017,NY,Delivery-Only Service,11.43,6.92,1.87,5.21,6.39
2017,OH,Delivery-Only Service,6.5,4.4,1.7,2.33,3.72
2017,OR,Delivery-Only Service,0.0,2.96,1.46,0.0,2.01
2017,PA,Delivery-Only Service,6.83,2.2,0.97,1.67,2.48
2017,RI,Delivery-Only Service,10.34,7.17,6.61,9.14,7.42
2017,VA,Delivery-Only Service,0.0,0.63,0.19,0.0,0.33
2017,WA,Delivery-Only Service,0.0,0.97,0.61,0.0,0.62
2017,US,Delivery-Only Service,7.79,4.85,1.85,3.31,4.32
2016,AK,Total Electric Industry,20.3,17.56,15.22,0.0,17.93
2016,AL,Total Electric Industry,11.99,11.11,6.04,0.0,9.56
2016,AR,Total Electric Industry,9.92,8.23,6.08,10.4,8.13
2016,AZ,Total Electric Industry,12.15,10.41,6.07,9.93,10.33
2016,CA,Total Electric Industry,17.39,15.07,11.92,9.8,15.23
2016,CO,Total Electric Industry,12.07,9.6,7.35,9.8,9.83
2016,CT,Total Electric Industry,20.01,15.75,12.81,10.84,17.24
2016,DC,Total Electric Industry,12.29,11.72,8.8,9.53,11.73
2016,DE,Total Electric Industry,13.42,10.07,8.11,0.0,11.09
2016,FL,Total Electric Industry,10.98,8.9,7.69,8.32,9.91
2016,GA,Total Electric Industry,11.5,9.81,5.84,5.08,9.59
2016,HI,Total Electric Industry,27.47,24.64,20.69,0.0,23.87
2016,IA,Total Electric Industry,11.94,9.17,6.05,0.0,8.55
2016,ID,Total Electric Industry,9.95,7.76,6.55,0.0,8.08
2016,IL,Total Electric Industry,12.54,9.02,6.51,6.67,9.38
2016,IN,Total Electric Industry,11.79,10.01,6.97,9.82,9.22
2016,KS,Total Electric Industry,13.06,10.47,7.49,0.0,10.49
2016,KY,Total Electric Industry,10.49,9.57,5.67,0.0,8.42
2016,LA,Total Electric Industry,9.34,8.59,5.08,9.03,7.46
2016,MA,Total Electric Industry,19.0,15.6,13.38,5.94,16.48
2016,MD,Total Electric Industry,14.23,10.99,7.89,7.85,12.21
2016,ME,Total Electric Industry,15.83,12.08,8.96,0.0,12.8
2016,MI,Total Electric Industry,15.22,10.64,6.91,11.63,11.05
2016,MN,Total Electric Industry,12.67,9.86,7.37,10.06,9.99
2016,MO,Total Electric Industry,11.21,9.26,7.12,8.31,9.74
2016,MS,Total Electric Industry,10.47,9.57,5.79,0.0,8.67
2016,MT,Total Electric Industry,10.94,10.19,5.06,0.0,8.84
2016,NC,Total Electric Industry,11.03,8.62,6.31,7.88,9.2
2016,ND,Total Electric Industry,10.16,9.15,7.98,0.0,8.94
2016,NE,Total Electric Industry,10.84,8.8,7.69,0.0,9.05
2016,NH,Total Electric Industry,18.38,14.43,12.34,0.0,15.66
2016,NJ,Total Electric Industry,15.72,12.26,10.16,8.68,13.38
2016,NM,Total Electric Industry,12.03,9.75,5.84,0.0,9.12
2016,NV,Total Electric Industry,11.41,7.93,5.88,7.83,8.39
2016,NY,Total Electric Industry,17.58,14.45,6.03,12.05,14.47
2016,OH,Total Electric Industry,12.47,9.97,6.98,7.93,9.84
2016,OK,Total Electric Industry,10.2,7.66,5.02,0.0,7.83
2016,OR,Total Electric Industry,10.66,8.91,6.05,9.26,8.83
2016,PA,Total Electric Industry,13.86,9.22,6.92,7.64,10.19
2016,RI,Total Electric Industry,18.62,14.88,13.48,18.71,16.28
2016,SC,Total Electric Industry,12.65,10.28,6.09,0.0,9.79
2016,SD,Total Electric Industry,11.47,9.58,7.57,0.0,9.83
2016,TN,Total Electric Industry,10.41,10.19,5.68,0.0,9.23
2016,TX,Total Electric Industry,10.99,8.26,5.33,7.92,8.43
2016,UT,Total Electric Industry,11.02,8.75,6.33,9.76,8.72
2016,VA,Total Electric Industry,11.36,7.93,6.56,7.76,9.09
2016,VT,Total Electric Industry,17.37,14.54,10.23,0.0,14.46
2016,WA,Total Electric Industry,9.48,8.43,4.43,8.89,7.68
2016,WI,Total Electric Industry,14.07,10.77,7.5,14.68,10.67
2016,WV,Total Electric Industry,11.44,9.35,6.57,0.0,8.98
2016,WY,Total Electric Industry,11.13,9.4,6.92,0.0,8.19
2016,US,Total Electric Industry,12.55,10.43,6.76,9.63,10.27
2016,AK,Full-Service Providers,20.3,17.56,15.22,0.0,17.93
2016,AL,Full-Service Providers,11.99,11.11,6.04,0.0,9.56
2016,AR,Full-Service Providers,9.92,8.23,6.08,10.4,8.13
2016,AZ,Full-Service Providers,12.15,10.41,6.07,9.93,10.33
2016,CA,Full-Service Providers,17.32,15.5,12.7,11.91,15.68
2016,CO,Full-Service Providers,12.07,9.6,7.35,9.8,9.83
2016,CT,Full-Service Providers,19.46,15.42,10.2,8.25,17.82
2016,DC,Full-Service Providers,11.49,12.22,0.0,18.38,11.76
2016,DE,Full-Service Providers,13.32,12.26,9.95,0.0,12.64
2016,FL,Full-Service Providers,10.98,8.9,7.69,8.32,9.91
2016,GA,Full-Service Providers,11.5,9.81,5.84,5.08,9.59
2016,HI,Full-Service Providers,27.47,24.64,20.69,0.0,23.87
2016,IA,Full-Service Providers,11.94,9.17,6.05,0.0,8.55
2016,ID,Full-Service Providers,9.95,7.76,6.55,0.0,8.08
2016,IL,Full-Service Providers,12.16,9.71,6.99,0.0,10.73
2016,IN,Full-Service Providers,11.79,10.01,6.97,9.82,9.22
2016,KS,Full-Service Providers,13.06,10.47,7.49,0.0,10.49
2016,KY,Full-Service Providers,10.49,9.57,5.67,0.0,8.42
2016,LA,Full-Service Providers,9.34,8.59,5.08,9.03,7.46
2016,MA,Full-Service Providers,18.18,15.34,12.71,0.0,16.64
2016,MD,Full-Service Providers,13.92,11.63,9.33,0.0,13.3
2016,ME,Full-Service Providers,15.27,11.68,9.16,0.0,13.89
2016,MI,Full-Service Providers,15.22,11.02,7.18,11.63,11.5
2016,MN,Full-Service Providers,12.67,9.86,7.37,10.06,9.99
2016,MO,Full-Service Providers,11.21,9.26,7.12,8.31,9.74
2016,MS,Full-Service Providers,10.47,9.57,5.79,0.0,8.67
2016,MT,Full-Service Providers,10.94,10.33,7.5,0.0,10.13
2016,NC,Full-Service Providers,11.03,8.62,6.31,7.88,9.2
2016,ND,Full-Service Providers,10.16,9.15,7.98,0.0,8.94
2016,NE,Full-Service Providers,10.84,8.8,7.69,0.0,9.05
2016,NH,Full-Service Providers,18.66,18.91,22.89,0.0,18.92
2016,NJ,Full-Service Providers,15.6,12.74,7.83,7.49,14.37
2016,NM,Full-Service Providers,12.03,9.75,5.84,0.0,9.12
2016,NV,Full-Service Providers,11.41,8.21,6.2,7.83,8.69
2016,NY,Full-Service Providers,16.92,15.46,5.5,12.87,15.89
2016,OH,Full-Service Providers,12.52,10.97,8.03,9.73,11.35
2016,OK,Full-Service Providers,10.2,7.66,5.02,0.0,7.83
2016,OR,Full-Service Providers,10.66,9.04,6.2,9.26,8.99
2016,PA,Full-Service Providers,13.26,11.0,7.85,0.0,12.52
2016,RI,Full-Service Providers,18.42,16.43,14.85,0.0,17.73
2016,SC,Full-Service Providers,12.65,10.28,6.09,0.0,9.79
2016,SD,Full-Service Providers,11.47,9.58,7.57,0.0,9.83
2016,TN,Full-Service Providers,10.41,10.19,5.68,0.0,9.23
2016,TX,Full-Service Providers,10.99,8.26,5.33,7.92,8.43
2016,UT,Full-Service Providers,11.02,8.75,6.33,9.76,8.72
2016,VA,Full-Service Providers,11.36,7.94,6.61,7.76,9.12
2016,VT,Full-Service Providers,17.37,14.54,10.23,0.0,14.46
2016,WA,Full-Service Providers,9.48,8.44,4.51,8.89,7.78
2016,WI,Full-Service Providers,14.07,10.77,7.49,14.68,10.67
2016,WV,Full-Service Providers,11.44,9.35,6.57,0.0,8.98
2016,WY,Full-Service Providers,11.13,9.4,6.92,0.0,8.19
2016,US,Full-Service Providers,12.34,10.19,6.68,9.87,10.2
2016,CA,Restructured Retail Service Providers,20.5,12.51,8.87,7.48,11.73
2016,CT,Restructured Retail Service Providers,21.14,15.85,13.7,11.05,16.81
2016,DC,Restructured Retail Service Providers,14.85,11.64,8.8,9.52,11.72
2016,DE,Restructured Retail Service Providers,14.67,8.66,6.9,0.0,8.57
2016,IL,Restructured Retail Service Providers,13.07,8.7,6.43,6.67,8.66
2016,MA,Restructured Retail Service Providers,20.7,15.69,13.81,5.94,16.36
2016,MD,Restructured Retail Service Providers,15.46,10.8,7.7,7.85,11.21
2016,ME,Restructured Retail Service Providers,18.48,12.39,8.94,0.0,11.67
2016,MI,Restructured Retail Service Providers,14.69,7.38,5.51,0.0,6.34
2016,MT,Restructured Retail Service Providers,11.0,5.63,3.34,0.0,3.46
2016,NH,Restructured Retail Service Providers,17.1,12.17,10.89,0.0,12.48
2016,NJ,Restructured Retail Service Providers,16.45,12.02,10.81,8.72,12.31
2016,NV,Restructured Retail Service Providers,0.0,6.04,3.0,0.0,4.47
2016,NY,Restructured Retail Service Providers,20.52,13.94,6.14,11.94,13.18
2016,OH,Restructured Retail Service Providers,12.41,9.7,6.74,7.75,9.11
2016,OR,Restructured Retail Service Providers,0.0,6.23,4.71,0.0,5.27
2016,PA,Restructured Retail Service Providers,14.99,8.72,6.87,7.64,9.07
2016,RI,Restructured Retail Service Providers,20.15,14.17,13.16,18.71,14.62
2016,VA,Restructured Retail Service Providers,0.0,6.7,4.26,0.0,5.03
2016,WA,Restructured Retail Service Providers,0.0,3.62,3.49,0.0,3.49
2016,US,Restructured Retail Service Providers,15.46,11.42,7.12,9.56,10.67
2016,CA,Energy-Only Providers,7.35,5.37,4.43,4.57,5.17
2016,CT,Energy-Only Providers,9.54,8.21,7.83,6.39,8.47
2016,DC,Energy-Only Providers,10.68,7.38,7.41,6.41,7.57
2016,DE,Energy-Only Providers,9.89,6.59,6.08,0.0,6.69
2016,IL,Energy-Only Providers,7.33,6.1,5.21,5.19,5.98
2016,MA,Energy-Only Providers,11.01,8.89,8.4,5.05,9.22
2016,MD,Energy-Only Providers,10.2,7.34,5.58,6.12,7.62
2016,ME,Energy-Only Providers,10.18,7.34,6.29,0.0,7.26
2016,MI,Energy-Only Providers,7.75,5.54,4.98,0.0,5.23
2016,MT,Energy-Only Providers,6.0,3.32,2.85,0.0,2.87
2016,NH,Energy-Only Providers,10.51,7.86,7.79,0.0,8.22
2016,NJ,Energy-Only Providers,11.88,8.12,7.39,7.04,8.42
2016,NV,Energy-Only Providers,0.0,5.64,2.87,0.0,4.21
2016,NY,Energy-Only Providers,9.46,7.03,4.26,6.68,6.78
2016,OH,Energy-Only Providers,6.39,5.62,5.09,5.21,5.58
2016,OR,Energy-Only Providers,0.0,3.41,3.29,0.0,3.33
2016,PA,Energy-Only Providers,8.61,6.57,5.89,5.95,6.65
2016,RI,Energy-Only Providers,11.04,7.88,7.44,10.58,8.14
2016,VA,Energy-Only Providers,0.0,6.04,4.12,0.0,4.73
2016,WA,Energy-Only Providers,0.0,2.78,2.97,0.0,2.97
2016,US,Energy-Only Providers,8.37,6.85,5.38,6.17,6.62
2016,CA,Delivery-Only Service,13.15,7.15,4.44,2.91,6.57
2016,CT,Delivery-Only Service,11.59,7.64,5.87,4.66,8.34
2016,DC,Delivery-Only Service,4.17,4.26,1.39,3.11,4.15
2016,DE,Delivery-Only Service,4.78,2.06,0.82,0.0,1.88
2016,IL,Delivery-Only Service,5.74,2.6,1.22,1.47,2.67
2016,MA,Delivery-Only Service,9.69,6.8,5.42,0.89,7.14
2016,MD,Delivery-Only Service,5.26,3.46,2.12,1.73,3.59
2016,ME,Delivery-Only Service,8.3,5.05,2.64,0.0,4.41
2016,MI,Delivery-Only Service,6.94,1.84,0.53,0.0,1.11
2016,MT,Delivery-Only Service,5.0,2.31,0.49,0.0,0.59
2016,NH,Delivery-Only Service,6.6,4.31,3.09,0.0,4.25
2016,NJ,Delivery-Only Service,4.58,3.9,3.42,1.68,3.88
2016,NV,Delivery-Only Service,0.0,0.4,0.13,0.0,0.26
2016,NY,Delivery-Only Service,11.06,6.91,1.88,5.26,6.4
2016,OH,Delivery-Only Service,6.03,4.07,1.65,2.55,3.53
2016,OR,Delivery-Only Service,0.0,2.82,1.42,0.0,1.93
2016,PA,Delivery-Only Service,6.38,2.15,0.98,1.68,2.43
2016,RI,Delivery-Only Service,9.11,6.28,5.72,8.13,6.48
2016,VA,Delivery-Only Service,0.0,0.66,0.14,0.0,0.31
2016,WA,Delivery-Only Service,0.0,0.84,0.52,0.0,0.52
2016,US,Delivery-Only Service,7.09,4.57,1.75,3.38,4.06
2015,AK,Total Electric Industry,19.83,17.44,14.53,0.0,17.59
2015,AL,Total Electric Industry,11.7,10.83,6.03,0.0,9.33
2015,AR,Total Electric Industry,9.82,8.32,6.23,11.21,8.19
2015,AZ,Total Electric Industry,12.13,10.39,6.26,9.4,10.34
2015,CA,Total Electric Industry,16.99,15.73,12.17,8.99,15.42
2015,CO,Total Electric Industry,12.12,9.88,7.4,10.08,9.94
2015,CT,Total Electric Industry,20.94,15.97,12.95,13.18,17.77
2015,DC,Total Electric Industry,12.99,12.01,8.78,9.0,12.07
2015,DE,Total Electric Industry,13.42,10.25,8.28,0.0,11.17
2015,FL,Total Electric Industry,11.58,9.5,8.22,8.92,10.49
2015,GA,Total Electric Industry,11.54,9.89,5.87,5.27,9.62
2015,HI,Total Electric Industry,29.6,26.93,23.06,0.0,26.17
2015,IA,Total Electric Industry,11.63,8.92,5.9,0.0,8.35
2015,ID,Total Electric Industry,9.93,7.8,6.6,0.0,8.09
2015,IL,Total Electric Industry,12.5,9.02,6.67,6.81,9.4
2015,IN,Total Electric Industry,11.57,9.78,6.86,9.92,8.99
2015,KS,Total Electric Industry,12.34,10.1,7.61,0.0,10.14
2015,KY,Total Electric Industry,10.24,9.44,5.48,0.0,8.14
2015,LA,Total Electric Industry,9.33,8.66,5.41,8.28,7.65
2015,MA,Total Electric Industry,19.83,15.79,13.54,7.76,16.9
2015,MD,Total Electric Industry,13.82,11.0,8.53,8.34,12.07
2015,ME,Total Electric Industry,15.61,12.47,9.05,0.0,12.78
2015,MI,Total Electric Industry,14.42,10.55,7.02,11.44,10.76
2015,MN,Total Electric Industry,12.12,9.44,7.02,9.5,9.53
2015,MO,Total Electric Industry,11.21,9.16,6.44,8.36,9.44
2015,MS,Total Electric Industry,11.27,10.55,6.56,0.0,9.53
2015,MT,Total Electric Industry,10.88,10.23,5.32,0.0,8.9
2015,NC,Total Electric Industry,11.28,8.73,6.51,7.9,9.37
2015,ND,Total Electric Industry,9.62,8.83,8.07,0.0,8.75
2015,NE,Total Electric Industry,10.6,8.67,7.59,0.0,8.91
2015,NH,Total Electric Industry,18.5,14.96,12.74,0.0,16.02
2015,NJ,Total Electric Industry,15.81,12.79,10.64,10.25,13.74
2015,NM,Total Electric Industry,12.47,10.3,6.33,0.0,9.62
2015,NV,Total Electric Industry,12.76,9.25,6.75,9.11,9.48
2015,NY,Total Electric Industry,18.54,15.31,6.31,12.95,15.28
2015,OH,Total Electric Industry,12.8,10.07,7.02,7.69,9.98
2015,OK,Total Electric Industry,10.14,7.68,5.35,0.0,7.9
2015,OR,Total Electric Industry,10.66,8.8,5.97,9.14,8.75
2015,PA,Total Electric Industry,13.64,9.6,7.2,7.82,10.31
2015,RI,Total Electric Industry,19.29,15.78,13.76,18.54,17.01
2015,SC,Total Electric Industry,12.57,10.21,6.05,0.0,9.58
2015,SD,Total Electric Industry,11.08,9.16,7.37,0.0,9.47
2015,TN,Total Electric Industry,10.3,10.16,6.17,0.0,9.3
2015,TX,Total Electric Industry,11.56,8.15,5.59,5.34,8.7
2015,UT,Total Electric Industry,10.88,8.62,6.17,10.05,8.54
2015,VA,Total Electric Industry,11.37,8.21,6.95,8.11,9.31
2015,VT,Total Electric Industry,17.09,14.54,10.27,0.0,14.41
2015,WA,Total Electric Industry,9.09,8.22,4.35,8.18,7.4
2015,WI,Total Electric Industry,14.11,10.89,7.58,14.66,10.73
2015,WV,Total Electric Industry,10.08,8.61,6.09,0.0,8.11
2015,WY,Total Electric Industry,10.97,9.12,6.76,0.0,7.97
2015,US,Total Electric Industry,12.65,10.64,6.91,10.09,10.41
2015,AK,Full-Service Providers,19.83,17.44,14.53,0.0,17.59
2015,AL,Full-Service Providers,11.7,10.83,6.03,0.0,9.33
2015,AR,Full-Service Providers,9.82,8.32,6.23,11.21,8.19
2015,AZ,Full-Service Providers,12.13,10.39,6.26,9.4,10.34
2015,CA,Full-Service Providers,16.97,16.25,12.9,11.2,15.91
2015,CO,Full-Service Providers,12.12,9.88,7.4,10.08,9.94
2015,CT,Full-Service Providers,20.38,16.56,11.29,0.0,18.77
2015,DC,Full-Service Providers,12.3,12.23,0.0,0.0,12.27
2015,DE,Full-Service Providers,13.29,12.26,9.96,0.0,12.62
2015,FL,Full-Service Providers,11.58,9.5,8.22,8.92,10.49
2015,GA,Full-Service Providers,11.54,9.89,5.87,5.27,9.62
2015,HI,Full-Service Providers,29.6,26.93,23.06,0.0,26.17
2015,IA,Full-Service Providers,11.63,8.92,5.9,0.0,8.35
2015,ID,Full-Service Providers,9.93,7.8,6.6,0.0,8.09
2015,IL,Full-Service Providers,12.55,10.05,6.66,0.0,10.83
2015,IN,Full-Service Providers,11.57,9.78,6.86,9.92,8.99
2015,KS,Full-Service Providers,12.34,10.1,7.61,0.0,10.14
2015,KY,Full-Service Providers,10.24,9.44,5.48,0.0,8.14
2015,LA,Full-Service Providers,9.33,8.66,5.41,8.28,7.65
2015,MA,Full-Service Providers,19.4,16.71,13.21,23.64,17.88
2015,MD,Full-Service Providers,13.43,12.05,9.71,0.0,13.03
2015,ME,Full-Service Providers,14.84,12.27,10.17,0.0,13.85
2015,MI,Full-Service Providers,14.42,10.96,7.32,11.44,11.2
2015,MN,Full-Service Providers,12.12,9.44,7.02,9.5,9.53
2015,MO,Full-Service Providers,11.21,9.16,6.44,8.36,9.44
2015,MS,Full-Service Providers,11.27,10.55,6.56,0.0,9.53
2015,MT,Full-Service Providers,10.88,10.36,7.41,0.0,10.09
2015,NC,Full-Service Providers,11.28,8.73,6.51,7.9,9.37
2015,ND,Full-Service Providers,9.62,8.83,8.07,0.0,8.75
2015,NE,Full-Service Providers,10.6,8.67,7.59,0.0,8.91
2015,NH,Full-Service Providers,18.62,18.2,19.43,0.0,18.54
2015,NJ,Full-Service Providers,15.61,13.02,8.11,9.05,14.48
2015,NM,Full-Service Providers,12.47,10.3,6.33,0.0,9.62
2015,NV,Full-Service Providers,12.76,9.52,7.11,9.11,9.79
2015,NY,Full-Service Providers,17.8,16.72,6.16,13.19,16.88
2015,OH,Full-Service Providers,12.77,11.22,7.52,11.11,11.24
2015,OK,Full-Service Providers,10.14,7.68,5.35,0.0,7.9
2015,OR,Full-Service Providers,10.66,8.88,6.04,9.14,8.87
2015,PA,Full-Service Providers,13.16,11.46,8.48,0.0,12.54
2015,RI,Full-Service Providers,19.2,17.79,17.09,0.0,18.65
2015,SC,Full-Service Providers,12.57,10.21,6.05,0.0,9.58
2015,SD,Full-Service Providers,11.08,9.16,7.37,0.0,9.47
2015,TN,Full-Service Providers,10.3,10.16,6.17,0.0,9.3
2015,TX,Full-Service Providers,11.56,8.15,5.59,5.34,8.7
2015,UT,Full-Service Providers,10.88,8.62,6.17,10.05,8.54
2015,VA,Full-Service Providers,11.37,8.22,6.94,8.11,9.31
2015,VT,Full-Service Providers,17.09,14.54,10.27,0.0,14.41
2015,WA,Full-Service Providers,9.09,8.23,4.39,8.18,7.48
2015,WI,Full-Service Providers,14.11,10.89,7.58,14.66,10.73
2015,WV,Full-Service Providers,10.08,8.61,6.09,0.0,8.11
2015,WY,Full-Service Providers,10.97,9.12,6.76,0.0,7.97
2015,US,Full-Service Providers,12.45,10.39,6.8,9.71,10.33
2015,CA,Restructured Retail Service Providers,17.85,12.5,9.21,6.21,11.55
2015,CT,Restructured Retail Service Providers,21.97,15.77,13.48,13.18,17.04
2015,DC,Restructured Retail Service Providers,15.27,11.96,8.78,9.0,11.98
2015,DE,Restructured Retail Service Providers,15.2,8.85,7.29,0.0,8.8
2015,IL,Restructured Retail Service Providers,12.45,8.56,6.67,6.81,8.7
2015,MA,Restructured Retail Service Providers,21.28,15.41,13.77,7.76,15.99
2015,MD,Restructured Retail Service Providers,15.24,10.68,8.36,8.34,11.21
2015,ME,Restructured Retail Service Providers,18.69,12.63,8.96,0.0,11.79
2015,MI,Restructured Retail Service Providers,12.47,7.12,5.61,0.0,6.27
2015,MT,Restructured Retail Service Providers,11.67,5.76,3.78,0.0,3.88
2015,NH,Restructured Retail Service Providers,17.92,12.68,11.29,0.0,13.05
2015,NJ,Restructured Retail Service Providers,17.14,12.68,11.29,10.3,12.91
2015,NV,Restructured Retail Service Providers,0.0,6.92,3.25,0.0,4.83
2015,NY,Restructured Retail Service Providers,21.74,14.61,6.34,12.92,13.83
2015,OH,Restructured Retail Service Providers,12.84,9.72,6.87,7.35,9.3
2015,OR,Restructured Retail Service Providers,0.0,6.98,5.34,0.0,5.91
2015,PA,Restructured Retail Service Providers,14.51,9.03,7.12,7.82,9.23
2015,RI,Restructured Retail Service Providers,20.3,14.42,12.72,18.54,14.61
2015,VA,Restructured Retail Service Providers,0.0,6.34,8.88,0.0,6.95
2015,WA,Restructured Retail Service Providers,0.0,4.06,3.83,0.0,3.83
2015,US,Restructured Retail Service Providers,15.35,11.62,7.38,10.2,10.87
2015,CA,Energy-Only Providers,7.78,5.89,4.9,5.08,5.64
2015,CT,Energy-Only Providers,11.76,8.93,8.36,9.23,9.6
2015,DC,Energy-Only Providers,11.06,7.74,7.42,5.93,7.89
2015,DE,Energy-Only Providers,10.32,6.9,6.5,0.0,7.03
2015,IL,Energy-Only Providers,6.6,5.97,5.43,5.35,5.9
2015,MA,Energy-Only Providers,13.01,9.42,8.91,6.93,9.89
2015,MD,Energy-Only Providers,10.32,7.51,6.42,6.79,7.89
2015,ME,Energy-Only Providers,10.73,8.08,6.78,0.0,7.86
2015,MI,Energy-Only Providers,6.15,5.56,4.93,0.0,5.21
2015,MT,Energy-Only Providers,6.67,3.46,3.28,0.0,3.29
2015,NH,Energy-Only Providers,11.32,8.31,8.16,0.0,8.73
2015,NJ,Energy-Only Providers,12.41,8.52,7.61,7.7,8.78
2015,NV,Energy-Only Providers,0.0,6.64,3.11,0.0,4.63
2015,NY,Energy-Only Providers,11.19,7.83,4.56,7.58,7.61
2015,OH,Energy-Only Providers,6.92,5.82,5.25,5.01,5.85
2015,OR,Energy-Only Providers,0.0,4.26,3.87,0.0,4.0
2015,PA,Energy-Only Providers,8.94,6.96,6.22,6.37,7.01
2015,RI,Energy-Only Providers,12.14,8.74,7.87,10.58,8.86
2015,VA,Energy-Only Providers,0.0,5.73,8.29,0.0,6.34
2015,WA,Energy-Only Providers,0.0,3.27,3.34,0.0,3.33
2015,US,Energy-Only Providers,8.76,7.24,5.68,6.92,6.99
2015,CA,Delivery-Only Service,10.07,6.61,4.3,1.13,5.91
2015,CT,Delivery-Only Service,10.21,6.83,5.12,3.94,7.44
2015,DC,Delivery-Only Service,4.21,4.23,1.37,3.07,4.09
2015,DE,Delivery-Only Service,4.88,1.94,0.79,0.0,1.77
2015,IL,Delivery-Only Service,5.84,2.58,1.23,1.45,2.8
2015,MA,Delivery-Only Service,8.27,5.99,4.86,0.83,6.1
2015,MD,Delivery-Only Service,4.92,3.17,1.94,1.55,3.33
2015,ME,Delivery-Only Service,7.95,4.56,2.18,0.0,3.93
2015,MI,Delivery-Only Service,6.31,1.55,0.68,0.0,1.06
2015,MT,Delivery-Only Service,5.0,2.3,0.5,0.0,0.59
2015,NH,Delivery-Only Service,6.6,4.37,3.13,0.0,4.32
2015,NJ,Delivery-Only Service,4.73,4.16,3.68,2.6,4.13
2015,NV,Delivery-Only Service,0.0,0.28,0.13,0.0,0.2
2015,NY,Delivery-Only Service,10.55,6.77,1.77,5.34,6.23
2015,OH,Delivery-Only Service,5.92,3.9,1.61,2.34,3.46
2015,OR,Delivery-Only Service,0.0,2.72,1.47,0.0,1.9
2015,PA,Delivery-Only Service,5.57,2.07,0.91,1.45,2.22
2015,RI,Delivery-Only Service,8.16,5.68,4.86,7.95,5.75
2015,VA,Delivery-Only Service,0.0,0.61,0.6,0.0,0.61
2015,WA,Delivery-Only Service,0.0,0.79,0.49,0.0,0.5
2015,US,Delivery-Only Service,6.59,4.38,1.7,3.28,3.88
2014,AK,Total Electric Industry,19.14,17.09,15.66,0.0,17.46
2014,AL,Total Electric Industry,11.48,10.79,6.15,0.0,9.27
2014,AR,Total Electric Industry,9.51,8.05,6.02,11.35,7.9
2014,AZ,Total Electric Industry,11.9,10.13,6.46,0.0,10.18
2014,CA,Total Electric Industry,16.25,15.62,12.34,8.9,15.15
2014,CO,Total Electric Industry,12.18,10.08,7.47,10.79,10.06
2014,CT,Total Electric Industry,19.75,15.55,12.92,13.08,17.05
2014,DC,Total Electric Industry,12.74,12.19,8.41,8.8,12.11
2014,DE,Total Electric Industry,13.29,10.5,8.58,0.0,11.22
2014,FL,Total Electric Industry,11.89,9.87,7.9,9.25,10.77
2014,GA,Total Electric Industry,11.65,10.36,6.64,6.98,10.03
2014,HI,Total Electric Industry,37.04,34.21,30.22,0.0,33.43
2014,IA,Total Electric Industry,11.16,8.67,5.71,0.0,8.15
2014,ID,Total Electric Industry,9.72,7.78,6.4,0.0,7.93
2014,IL,Total Electric Industry,11.91,9.26,6.85,6.85,9.36
2014,IN,Total Electric Industry,11.46,9.96,6.97,10.2,9.06
2014,KS,Total Electric Industry,12.17,10.13,7.8,0.0,10.16
2014,KY,Total Electric Industry,10.16,9.44,5.68,0.0,8.15
2014,LA,Total Electric Industry,9.57,9.1,6.05,9.27,8.09
2014,MA,Total Electric Industry,17.39,14.68,12.74,8.76,15.35
2014,MD,Total Electric Industry,13.63,11.15,9.04,8.5,12.1
2014,ME,Total Electric Industry,15.27,12.7,8.95,0.0,12.65
2014,MI,Total Electric Industry,14.46,10.87,7.68,9.43,11.03
2014,MN,Total Electric Industry,12.01,9.85,6.72,9.79,9.52
2014,MO,Total Electric Industry,10.64,8.9,6.36,7.81,9.11
2014,MS,Total Electric Industry,11.32,10.76,6.6,0.0,9.6
2014,MT,Total Electric Industry,10.18,9.64,5.49,0.0,8.59
2014,NC,Total Electric Industry,11.1,8.75,6.5,7.84,9.33
2014,ND,Total Electric Industry,9.15,8.79,7.62,0.0,8.41
2014,NE,Total Electric Industry,10.4,8.73,7.47,0.0,8.84
2014,NH,Total Electric Industry,17.53,14.34,11.93,0.0,15.22
2014,NJ,Total Electric Industry,15.78,13.15,11.38,10.43,13.95
2014,NM,Total Electric Industry,12.28,10.27,6.61,0.0,9.65
2014,NV,Total Electric Industry,12.93,9.47,7.12,9.25,9.73
2014,NY,Total Electric Industry,20.07,16.12,6.58,13.82,16.25
2014,OH,Total Electric Industry,12.5,9.83,6.77,8.78,9.73
2014,OK,Total Electric Industry,10.03,8.09,5.85,0.0,8.18
2014,OR,Total Electric Industry,10.47,8.75,5.97,9.21,8.68
2014,PA,Total Electric Industry,13.32,9.73,7.41,7.65,10.28
2014,RI,Total Electric Industry,17.17,14.56,12.86,14.89,15.41
2014,SC,Total Electric Industry,12.45,10.28,6.29,0.0,9.67
2014,SD,Total Electric Industry,10.47,8.89,6.99,0.0,9.05
2014,TN,Total Electric Industry,10.32,10.38,6.4,8.57,9.4
2014,TX,Total Electric Industry,11.86,8.16,6.16,5.17,8.94
2014,UT,Total Electric Industry,10.65,8.53,6.08,10.34,8.35
2014,VA,Total Electric Industry,11.1,8.15,6.89,8.24,9.17
2014,VT,Total Electric Industry,17.47,14.56,10.23,0.0,14.57
2014,WA,Total Electric Industry,8.67,7.97,4.32,8.48,7.13
2014,WI,Total Electric Industry,13.67,10.77,7.52,0.0,10.57
2014,WV,Total Electric Industry,9.34,7.99,5.87,0.0,7.65
2014,WY,Total Electric Industry,10.5,8.88,6.61,0.0,7.76
2014,US,Total Electric Industry,12.52,10.74,7.1,10.45,10.44
2014,AK,Full-Service Providers,19.14,17.09,15.66,0.0,17.46
2014,AL,Full-Service Providers,11.48,10.79,6.15,0.0,9.27
2014,AR,Full-Service Providers,9.51,8.05,6.02,11.35,7.9
2014,AZ,Full-Service Providers,11.9,10.13,6.46,0.0,10.18
2014,CA,Full-Service Providers,16.24,16.04,12.81,10.75,15.52
2014,CO,Full-Service Providers,12.18,10.08,7.47,10.79,10.06
2014,CT,Full-Service Providers,18.57,15.4,11.88,14.22,17.06
2014,DC,Full-Service Providers,12.49,12.24,0.0,0.0,12.38
2014,DE,Full-Service Providers,13.15,11.57,9.97,0.0,12.36
2014,FL,Full-Service Providers,11.89,9.87,7.9,9.25,10.77
2014,GA,Full-Service Providers,11.65,10.36,6.64,6.98,10.03
2014,HI,Full-Service Providers,37.04,34.21,30.22,0.0,33.43
2014,IA,Full-Service Providers,11.16,8.67,5.71,0.0,8.15
2014,ID,Full-Service Providers,9.72,7.78,6.4,0.0,7.93
2014,IL,Full-Service Providers,11.86,10.03,6.98,0.0,10.41
2014,IN,Full-Service Providers,11.46,9.96,6.97,10.2,9.06
2014,KS,Full-Service Providers,12.17,10.13,7.8,0.0,10.16
2014,KY,Full-Service Providers,10.16,9.44,5.68,0.0,8.15
2014,LA,Full-Service Providers,9.57,9.1,6.05,9.27,8.09
2014,MA,Full-Service Providers,17.08,15.27,12.79,20.11,16.01
2014,MD,Full-Service Providers,13.28,12.19,9.65,0.0,12.91
2014,ME,Full-Service Providers,14.27,12.08,10.43,0.0,12.86
2014,MI,Full-Service Providers,14.46,11.27,8.14,9.43,11.58
2014,MN,Full-Service Providers,12.01,9.85,6.72,9.79,9.52
2014,MO,Full-Service Providers,10.64,8.9,6.36,7.81,9.11
2014,MS,Full-Service Providers,11.32,10.76,6.6,0.0,9.6
2014,MT,Full-Service Providers,10.18,9.74,7.15,0.0,9.54
2014,NC,Full-Service Providers,11.1,8.75,6.5,7.84,9.33
2014,ND,Full-Service Providers,9.15,8.79,7.62,0.0,8.41
2014,NE,Full-Service Providers,10.4,8.73,7.47,0.0,8.84
2014,NH,Full-Service Providers,17.93,17.05,19.8,0.0,17.76
2014,NJ,Full-Service Providers,15.37,13.3,9.18,0.0,14.45
2014,NM,Full-Service Providers,12.28,10.27,6.61,0.0,9.65
2014,NV,Full-Service Providers,12.93,9.75,7.37,9.25,9.99
2014,NY,Full-Service Providers,19.52,18.22,7.4,15.61,18.45
2014,OH,Full-Service Providers,12.87,11.64,7.36,12.49,11.25
2014,OK,Full-Service Providers,10.03,8.09,5.85,0.0,8.18
2014,OR,Full-Service Providers,10.47,8.8,5.93,9.21,8.76
2014,PA,Full-Service Providers,12.83,11.24,9.25,0.0,12.26
2014,RI,Full-Service Providers,17.1,15.52,14.86,0.0,16.38
2014,SC,Full-Service Providers,12.45,10.28,6.29,0.0,9.67
2014,SD,Full-Service Providers,10.47,8.89,6.99,0.0,9.05
2014,TN,Full-Service Providers,10.32,10.38,6.4,8.57,9.4
2014,TX,Full-Service Providers,11.86,8.16,6.16,5.17,8.94
2014,UT,Full-Service Providers,10.65,8.53,6.08,10.34,8.35
2014,VA,Full-Service Providers,11.1,8.15,6.89,8.24,9.17
2014,VT,Full-Service Providers,17.47,14.56,10.23,0.0,14.57
2014,WA,Full-Service Providers,8.67,7.97,4.32,8.48,7.19
2014,WI,Full-Service Providers,13.67,10.77,7.52,0.0,10.57
2014,WV,Full-Service Providers,9.34,7.99,5.87,0.0,7.65
2014,WY,Full-Service Providers,10.5,8.88,6.61,0.0,7.76
2014,US,Full-Service Providers,12.34,10.51,7.02,10.49,10.37
2014,CA,Restructured Retail Service Providers,17.06,12.78,10.41,6.52,11.89
2014,CT,Restructured Retail Service Providers,21.64,15.61,13.37,12.36,17.03
2014,DC,Restructured Retail Service Providers,14.02,12.19,8.41,8.8,12.01
2014,DE,Restructured Retail Service Providers,15.1,9.81,7.83,0.0,9.49
2014,IL,Restructured Retail Service Providers,11.96,8.92,6.83,6.85,8.89
2014,MA,Restructured Retail Service Providers,19.02,14.34,12.71,8.76,14.57
2014,MD,Restructured Retail Service Providers,14.75,10.79,8.91,8.5,11.36
2014,ME,Restructured Retail Service Providers,15.29,12.71,8.93,0.0,12.65
2014,MI,Restructured Retail Service Providers,14.07,7.62,6.09,0.0,6.64
2014,MT,Restructured Retail Service Providers,10.0,6.03,4.32,0.0,4.4
2014,NH,Restructured Retail Service Providers,15.83,12.28,10.19,0.0,12.22
2014,NJ,Restructured Retail Service Providers,17.86,13.08,11.95,10.43,13.46
2014,NV,Restructured Retail Service Providers,0.0,7.19,4.26,0.0,5.65
2014,NY,Restructured Retail Service Providers,22.28,15.03,6.4,13.55,14.27
2014,OH,Restructured Retail Service Providers,12.03,9.28,6.56,8.41,8.89
2014,OR,Restructured Retail Service Providers,0.0,7.74,6.34,0.0,6.86
2014,PA,Restructured Retail Service Providers,14.11,9.25,7.3,7.65,9.36
2014,RI,Restructured Retail Service Providers,18.28,13.51,11.97,14.89,13.5
2014,VA,Restructured Retail Service Providers,0.0,8.21,8.15,0.0,8.2
2014,WA,Restructured Retail Service Providers,0.0,0.0,4.42,0.0,4.42
2014,US,Restructured Retail Service Providers,14.7,11.69,7.48,10.44,10.87
2014,CA,Energy-Only Providers,7.94,6.49,6.11,5.39,6.37
2014,CT,Energy-Only Providers,11.79,8.52,8.11,8.25,9.42
2014,DC,Energy-Only Providers,10.06,8.06,7.04,5.71,8.02
2014,DE,Energy-Only Providers,10.12,7.65,7.05,0.0,7.62
2014,IL,Energy-Only Providers,6.77,6.57,5.72,5.57,6.29
2014,MA,Energy-Only Providers,10.71,8.4,7.9,7.9,8.6
2014,MD,Energy-Only Providers,10.15,7.76,7.04,7.03,8.16
2014,ME,Energy-Only Providers,7.41,7.67,6.69,0.0,7.29
2014,MI,Energy-Only Providers,7.26,5.54,5.39,0.0,5.44
2014,MT,Energy-Only Providers,4.29,3.72,3.81,0.0,3.8
2014,NH,Energy-Only Providers,9.6,8.05,7.19,0.0,8.04
2014,NJ,Energy-Only Providers,13.06,8.71,8.19,7.6,9.15
2014,NV,Energy-Only Providers,0.0,6.88,4.13,0.0,5.43
2014,NY,Energy-Only Providers,12.02,8.39,4.68,8.43,8.15
2014,OH,Energy-Only Providers,6.51,5.65,5.1,6.57,5.65
2014,OR,Energy-Only Providers,0.0,4.74,4.62,0.0,4.66
2014,PA,Energy-Only Providers,9.13,7.32,6.53,6.37,7.32
2014,RI,Energy-Only Providers,10.39,7.9,7.56,7.79,8.0
2014,VA,Energy-Only Providers,0.0,7.42,7.62,0.0,7.46
2014,WA,Energy-Only Providers,0.0,0.0,3.97,0.0,3.97
2014,US,Energy-Only Providers,8.59,7.43,5.9,7.31,7.15
2014,CA,Delivery-Only Service,9.12,6.29,4.3,1.13,5.52
2014,CT,Delivery-Only Service,9.85,7.09,5.26,4.11,7.61
2014,DC,Delivery-Only Service,3.96,4.13,1.37,3.09,4.0
2014,DE,Delivery-Only Service,4.98,2.16,0.78,0.0,1.87
2014,IL,Delivery-Only Service,5.19,2.35,1.1,1.28,2.6
2014,MA,Delivery-Only Service,8.31,5.94,4.81,0.85,5.97
2014,MD,Delivery-Only Service,4.6,3.03,1.87,1.47,3.2
2014,ME,Delivery-Only Service,7.88,5.04,2.24,0.0,5.35
2014,MI,Delivery-Only Service,6.82,2.08,0.7,0.0,1.19
2014,MT,Delivery-Only Service,5.71,2.31,0.51,0.0,0.6
2014,NH,Delivery-Only Service,6.23,4.24,3.0,0.0,4.18
2014,NJ,Delivery-Only Service,4.8,4.37,3.77,2.83,4.31
2014,NV,Delivery-Only Service,0.0,0.3,0.14,0.0,0.22
2014,NY,Delivery-Only Service,10.25,6.64,1.71,5.12,6.12
2014,OH,Delivery-Only Service,5.53,3.63,1.46,1.84,3.25
2014,OR,Delivery-Only Service,0.0,3.0,1.72,0.0,2.2
2014,PA,Delivery-Only Service,4.99,1.94,0.77,1.28,2.03
2014,RI,Delivery-Only Service,7.89,5.61,4.41,7.1,5.5
2014,VA,Delivery-Only Service,0.0,0.79,0.53,0.0,0.74
2014,WA,Delivery-Only Service,0.0,0.0,0.45,0.0,0.45
2014,US,Delivery-Only Service,6.11,4.26,1.58,3.12,3.72
2013,AK,Total Electric Industry,18.12,15.58,15.83,0.0,16.49
2013,AL,Total Electric Industry,11.26,10.51,5.95,0.0,9.02
2013,AR,Total Electric Industry,9.59,8.05,6.04,11.58,7.93
2013,AZ,Total Electric Industry,11.71,9.85,6.66,0.0,10.14
2013,CA,Total Electric Industry,16.23,14.2,11.44,8.54,14.3
2013,CO,Total Electric Industry,11.93,9.86,7.34,10.55,9.88
2013,CT,Total Electric Industry,17.55,14.63,12.61,10.31,15.66
2013,DC,Total Electric Industry,12.57,11.94,5.54,9.52,11.85
2013,DE,Total Electric Industry,12.95,10.2,8.43,0.0,10.9
2013,FL,Total Electric Industry,11.27,9.39,7.61,8.69,10.22
2013,GA,Total Electric Industry,11.46,9.99,6.27,8.03,9.69
2013,HI,Total Electric Industry,36.98,34.05,29.87,0.0,33.26
2013,IA,Total Electric Industry,11.04,8.44,5.62,0.0,8.07
2013,ID,Total Electric Industry,9.32,7.37,6.09,0.0,7.57
2013,IL,Total Electric Industry,10.63,8.14,5.94,5.34,8.26
2013,IN,Total Electric Industry,10.99,9.6,6.7,9.87,8.73
2013,KS,Total Electric Industry,11.64,9.68,7.39,0.0,9.72
2013,KY,Total Electric Industry,9.79,8.56,5.66,0.0,7.69
2013,LA,Total Electric Industry,9.43,8.96,5.92,9.45,8.04
2013,MA,Total Electric Industry,15.83,14.23,13.18,13.06,14.51
2013,MD,Total Electric Industry,13.25,10.68,8.36,8.47,11.66
2013,ME,Total Electric Industry,14.35,11.74,8.34,0.0,11.86
2013,MI,Total Electric Industry,14.59,11.06,7.72,8.77,11.21
2013,MN,Total Electric Industry,11.81,9.42,6.98,9.79,9.41
2013,MO,Total Electric Industry,10.6,8.8,6.29,7.81,9.04
2013,MS,Total Electric Industry,10.78,10.1,6.34,0.0,9.11
2013,MT,Total Electric Industry,10.33,9.54,5.43,0.0,8.58
2013,NC,Total Electric Industry,10.97,8.76,6.45,7.94,9.24
2013,ND,Total Electric Industry,9.12,8.39,7.13,0.0,8.2
2013,NE,Total Electric Industry,10.31,8.6,7.44,0.0,8.74
2013,NH,Total Electric Industry,16.33,13.52,11.4,0.0,14.3
2013,NJ,Total Electric Industry,15.73,12.77,10.8,10.6,13.7
2013,NM,Total Electric Industry,11.68,9.74,6.36,0.0,9.25
2013,NV,Total Electric Industry,11.89,9.01,6.52,8.47,9.03
2013,NY,Total Electric Industry,18.79,15.35,6.58,13.65,15.44
2013,OH,Total Electric Industry,12.01,9.35,6.22,6.62,9.2
2013,OK,Total Electric Industry,9.67,7.77,5.49,0.0,7.86
2013,OR,Total Electric Industry,9.9,8.68,5.8,8.88,8.44
2013,PA,Total Electric Industry,12.79,9.25,6.97,7.81,9.81
2013,RI,Total Electric Industry,15.2,12.92,11.82,13.03,13.72
2013,SC,Total Electric Industry,11.99,9.88,6.01,0.0,9.24
2013,SD,Total Electric Industry,10.26,8.51,6.97,0.0,8.86
2013,TN,Total Electric Industry,9.98,10.0,6.29,11.68,9.13
2013,TX,Total Electric Industry,11.35,8.02,5.81,10.19,8.66
2013,UT,Total Electric Industry,10.37,8.32,5.87,10.68,8.15
2013,VA,Total Electric Industry,10.84,8.0,6.63,8.17,8.96
2013,VT,Total Electric Industry,17.14,14.66,10.84,0.0,14.61
2013,WA,Total Electric Industry,8.7,7.78,4.23,8.04,7.09
2013,WI,Total Electric Industry,13.55,10.75,7.4,0.0,10.51
2013,WV,Total Electric Industry,9.52,8.17,6.2,8.68,7.91
2013,WY,Total Electric Industry,10.16,8.57,6.42,0.0,7.55
2013,US,Total Electric Industry,12.13,10.26,6.89,10.55,10.07
2013,AK,Full-Service Providers,18.12,15.58,15.83,0.0,16.49
2013,AL,Full-Service Providers,11.26,10.51,5.95,0.0,9.02
2013,AR,Full-Service Providers,9.59,8.05,6.04,11.58,7.93
2013,AZ,Full-Service Providers,11.71,9.85,6.66,0.0,10.14
2013,CA,Full-Service Providers,16.21,14.54,11.85,9.89,14.65
2013,CO,Full-Service Providers,11.93,9.86,7.34,10.55,9.88
2013,CT,Full-Service Providers,16.62,14.09,10.59,0.0,15.44
2013,DC,Full-Service Providers,12.54,12.44,0.0,0.0,12.5
2013,DE,Full-Service Providers,12.93,12.05,10.15,0.0,12.37
2013,FL,Full-Service Providers,11.27,9.39,7.61,8.69,10.22
2013,GA,Full-Service Providers,11.46,9.99,6.27,8.03,9.69
2013,HI,Full-Service Providers,36.98,34.05,29.87,0.0,33.26
2013,IA,Full-Service Providers,11.04,8.44,5.62,0.0,8.07
2013,ID,Full-Service Providers,9.32,7.37,6.09,0.0,7.57
2013,IL,Full-Service Providers,11.04,9.22,6.24,6.05,9.67
2013,IN,Full-Service Providers,10.99,9.6,6.7,9.87,8.73
2013,KS,Full-Service Providers,11.64,9.68,7.39,0.0,9.72
2013,KY,Full-Service Providers,9.79,8.56,5.66,0.0,7.69
2013,LA,Full-Service Providers,9.43,8.96,5.92,9.45,8.04
2013,MA,Full-Service Providers,15.64,14.72,12.75,0.0,14.97
2013,MD,Full-Service Providers,13.19,11.63,8.92,0.0,12.7
2013,ME,Full-Service Providers,13.78,11.76,10.01,0.0,12.42
2013,MI,Full-Service Providers,14.59,11.51,8.12,8.77,11.71
2013,MN,Full-Service Providers,11.81,9.42,6.98,9.79,9.41
2013,MO,Full-Service Providers,10.6,8.8,6.29,7.81,9.04
2013,MS,Full-Service Providers,10.78,10.1,6.34,0.0,9.11
2013,MT,Full-Service Providers,10.33,9.64,7.22,0.0,9.58
2013,NC,Full-Service Providers,10.97,8.76,6.45,7.94,9.24
2013,ND,Full-Service Providers,9.12,8.39,7.13,0.0,8.2
2013,NE,Full-Service Providers,10.31,8.6,7.44,0.0,8.74
2013,NH,Full-Service Providers,16.83,16.24,18.8,0.0,16.75
2013,NJ,Full-Service Providers,15.6,13.37,9.01,0.0,14.64
2013,NM,Full-Service Providers,11.68,9.74,6.36,0.0,9.25
2013,NV,Full-Service Providers,11.89,9.27,6.77,8.47,9.28
2013,NY,Full-Service Providers,18.46,17.24,7.05,14.4,17.4
2013,OH,Full-Service Providers,12.44,11.35,6.68,8.92,10.7
2013,OK,Full-Service Providers,9.67,7.77,5.49,0.0,7.86
2013,OR,Full-Service Providers,9.9,8.72,5.76,8.88,8.51
2013,PA,Full-Service Providers,12.64,10.87,7.95,0.0,11.97
2013,RI,Full-Service Providers,15.17,13.34,12.49,0.0,14.4
2013,SC,Full-Service Providers,11.99,9.88,6.01,0.0,9.24
2013,SD,Full-Service Providers,10.26,8.51,6.97,0.0,8.86
2013,TN,Full-Service Providers,9.98,10.0,6.29,11.68,9.13
2013,TX,Full-Service Providers,11.35,8.02,5.81,10.19,8.66
2013,UT,Full-Service Providers,10.37,8.32,5.87,10.68,8.15
2013,VA,Full-Service Providers,10.84,8.0,6.63,8.17,8.96
2013,VT,Full-Service Providers,17.14,14.66,10.84,0.0,14.61
2013,WA,Full-Service Providers,8.7,7.79,4.21,8.04,7.15
2013,WI,Full-Service Providers,13.55,10.74,7.4,0.0,10.51
2013,WV,Full-Service Providers,9.52,8.17,6.2,8.68,7.91
2013,WY,Full-Service Providers,10.16,8.57,6.42,0.0,7.55
2013,US,Full-Service Providers,12.02,10.09,6.81,10.4,10.05
2013,CA,Restructured Retail Service Providers,18.34,11.81,9.62,6.73,11.04
2013,CT,Restructured Retail Service Providers,18.68,14.8,13.34,10.31,15.78
2013,DC,Restructured Retail Service Providers,12.73,11.87,5.54,9.52,11.64
2013,DE,Restructured Retail Service Providers,13.35,9.03,7.6,0.0,8.69
2013,IL,Restructured Retail Service Providers,10.25,7.67,5.89,5.32,7.62
2013,MA,Restructured Retail Service Providers,16.92,13.86,13.33,13.06,13.97
2013,MD,Restructured Retail Service Providers,13.46,10.37,8.26,8.47,10.75
2013,ME,Restructured Retail Service Providers,14.36,11.74,8.32,0.0,11.85
2013,MI,Restructured Retail Service Providers,14.8,7.46,5.92,0.0,6.57
2013,MT,Restructured Retail Service Providers,10.43,5.93,4.26,0.0,4.34
2013,NH,Restructured Retail Service Providers,13.77,11.69,10.03,0.0,11.45
2013,NJ,Restructured Retail Service Providers,16.34,12.53,11.24,10.6,12.81
2013,NV,Restructured Retail Service Providers,0.0,6.48,3.84,0.0,4.94
2013,NY,Restructured Retail Service Providers,20.12,14.37,6.47,13.54,13.64
2013,OH,Restructured Retail Service Providers,11.4,8.69,6.03,6.4,8.28
2013,OR,Restructured Retail Service Providers,0.0,7.78,6.1,0.0,6.69
2013,PA,Restructured Retail Service Providers,13.04,8.76,6.9,7.81,8.76
2013,RI,Restructured Retail Service Providers,16.31,12.51,11.58,13.03,12.39
2013,WA,Restructured Retail Service Providers,0.0,4.73,4.49,0.0,4.5
2013,US,Restructured Retail Service Providers,13.46,10.96,7.26,10.6,10.18
2013,CA,Energy-Only Providers,7.39,6.15,5.8,5.81,6.04
2013,CT,Energy-Only Providers,9.28,7.77,7.96,6.41,8.26
2013,DC,Energy-Only Providers,9.16,8.01,4.19,6.52,7.89
2013,DE,Energy-Only Providers,8.98,7.19,7.0,0.0,7.2
2013,IL,Energy-Only Providers,5.63,5.57,4.85,4.03,5.3
2013,MA,Energy-Only Providers,8.66,7.55,7.59,12.2,7.77
2013,MD,Energy-Only Providers,9.25,7.5,6.49,7.07,7.74
2013,ME,Energy-Only Providers,6.76,6.8,6.04,0.0,6.58
2013,MI,Energy-Only Providers,7.86,5.41,5.04,0.0,5.19
2013,MT,Energy-Only Providers,6.09,3.57,3.77,0.0,3.76
2013,NH,Energy-Only Providers,7.53,7.34,6.89,0.0,7.22
2013,NJ,Energy-Only Providers,11.24,8.04,7.31,7.42,8.34
2013,NV,Energy-Only Providers,0.0,6.15,3.68,0.0,4.71
2013,NY,Energy-Only Providers,9.67,7.61,4.32,8.41,7.3
2013,OH,Energy-Only Providers,6.08,5.22,4.71,4.71,5.22
2013,OR,Energy-Only Providers,0.0,4.45,4.18,0.0,4.27
2013,PA,Energy-Only Providers,8.11,6.87,6.14,6.81,6.78
2013,RI,Energy-Only Providers,8.7,7.11,7.38,6.16,7.22
2013,WA,Energy-Only Providers,0.0,4.07,4.08,0.0,4.08
2013,US,Energy-Only Providers,7.5,6.82,5.51,7.49,6.51
2013,CA,Delivery-Only Service,10.95,5.66,3.82,0.93,5.0
2013,CT,Delivery-Only Service,9.4,7.03,5.37,3.89,7.52
2013,DC,Delivery-Only Service,3.57,3.86,1.35,3.0,3.74
2013,DE,Delivery-Only Service,4.37,1.84,0.6,0.0,1.48
2013,IL,Delivery-Only Service,4.63,2.1,1.04,1.29,2.32
2013,MA,Delivery-Only Service,8.26,6.31,5.75,0.86,6.2
2013,MD,Delivery-Only Service,4.22,2.88,1.78,1.39,3.01
2013,ME,Delivery-Only Service,7.6,4.94,2.29,0.0,5.27
2013,MI,Delivery-Only Service,6.94,2.06,0.88,0.0,1.38
2013,MT,Delivery-Only Service,4.35,2.36,0.49,0.0,0.58
2013,NH,Delivery-Only Service,6.24,4.36,3.14,0.0,4.23
2013,NJ,Delivery-Only Service,5.1,4.49,3.93,3.18,4.47
2013,NV,Delivery-Only Service,0.0,0.33,0.16,0.0,0.23
2013,NY,Delivery-Only Service,10.45,6.76,2.15,5.14,6.34
2013,OH,Delivery-Only Service,5.33,3.47,1.32,1.69,3.06
2013,OR,Delivery-Only Service,0.0,3.33,1.92,0.0,2.42
2013,PA,Delivery-Only Service,4.93,1.89,0.76,1.0,1.98
2013,RI,Delivery-Only Service,7.6,5.4,4.19,6.87,5.18
2013,WA,Delivery-Only Service,0.0,0.66,0.41,0.0,0.42
2013,US,Delivery-Only Service,5.97,4.14,1.76,3.11,3.67
2012,AK,Total Electric Industry,17.88,14.93,16.82,0.0,16.33
2012,AL,Total Electric Industry,11.4,10.63,6.22,0.0,9.18
2012,AR,Total Electric Industry,9.3,7.71,5.77,11.23,7.62
2012,AZ,Total Electric Industry,11.29,9.53,6.53,0.0,9.81
2012,CA,Total Electric Industry,15.34,13.41,10.49,7.17,13.53
2012,CO,Total Electric Industry,11.46,9.39,6.95,9.69,9.39
2012,CT,Total Electric Industry,17.34,14.65,12.67,9.69,15.54
2012,DC,Total Electric Industry,12.28,12.02,5.46,9.01,11.85
2012,DE,Total Electric Industry,13.58,10.13,8.36,0.0,11.06
2012,FL,Total Electric Industry,11.42,9.66,8.04,8.45,10.44
2012,GA,Total Electric Industry,11.17,9.58,5.98,7.65,9.37
2012,HI,Total Electric Industry,37.34,34.88,30.82,0.0,34.04
2012,IA,Total Electric Industry,10.82,8.01,5.3,0.0,7.71
2012,ID,Total Electric Industry,8.67,6.86,5.48,0.0,6.92
2012,IL,Total Electric Industry,11.38,7.99,5.8,6.15,8.4
2012,IN,Total Electric Industry,10.53,9.14,6.34,9.56,8.29
2012,KS,Total Electric Industry,11.24,9.24,7.09,0.0,9.33
2012,KY,Total Electric Industry,9.43,8.73,5.35,0.0,7.26
2012,LA,Total Electric Industry,8.37,7.75,4.76,8.72,6.9
2012,MA,Total Electric Industry,14.91,13.84,12.57,4.91,13.79
2012,MD,Total Electric Industry,12.84,10.43,8.09,8.29,11.28
2012,ME,Total Electric Industry,14.66,11.53,7.98,0.0,11.81
2012,MI,Total Electric Industry,14.13,10.93,7.62,8.08,10.98
2012,MN,Total Electric Industry,11.35,8.84,6.54,8.67,8.86
2012,MO,Total Electric Industry,10.17,8.2,5.89,6.97,8.53
2012,MS,Total Electric Industry,10.26,9.33,6.24,0.0,8.6
2012,MT,Total Electric Industry,10.08,9.13,5.1,0.0,8.25
2012,NC,Total Electric Industry,10.91,8.66,6.42,7.88,9.15
2012,ND,Total Electric Industry,9.06,8.02,6.55,0.0,7.83
2012,NE,Total Electric Industry,10.04,8.38,7.01,0.0,8.37
2012,NH,Total Electric Industry,16.07,13.36,11.83,0.0,14.19
2012,NJ,Total Electric Industry,15.78,12.78,10.52,9.77,13.68
2012,NM,Total Electric Industry,11.38,9.32,5.83,0.0,8.83
2012,NV,Total Electric Industry,11.83,8.83,6.48,8.4,8.95
2012,NY,Total Electric Industry,17.62,15.06,6.7,14.2,15.15
2012,OH,Total Electric Industry,11.76,9.47,6.24,6.98,9.12
2012,OK,Total Electric Industry,9.51,7.32,5.09,0.0,7.54
2012,OR,Total Electric Industry,9.8,8.31,5.59,8.24,8.21
2012,PA,Total Electric Industry,12.75,9.44,7.23,8.07,9.91
2012,RI,Total Electric Industry,14.4,11.87,10.68,8.28,12.74
2012,SC,Total Electric Industry,11.77,9.63,6.02,0.0,9.1
2012,SD,Total Electric Industry,10.07,8.1,6.57,0.0,8.49
2012,TN,Total Electric Industry,10.1,10.31,7.08,11.28,9.27
2012,TX,Total Electric Industry,10.98,8.16,5.57,10.54,8.55
2012,UT,Total Electric Industry,9.93,8.06,5.62,9.79,7.84
2012,VA,Total Electric Industry,11.08,8.08,6.72,8.51,9.07
2012,VT,Total Electric Industry,17.01,14.32,9.98,0.0,14.22
2012,WA,Total Electric Industry,8.53,7.68,4.13,8.06,6.94
2012,WI,Total Electric Industry,13.19,10.51,7.34,0.0,10.28
2012,WV,Total Electric Industry,9.85,8.42,6.33,8.66,8.14
2012,WY,Total Electric Industry,9.85,8.24,6.03,0.0,7.19
2012,US,Total Electric Industry,11.88,10.09,6.67,10.21,9.84
2012,AK,Full-Service Providers,17.88,14.93,16.82,0.0,16.33
2012,AL,Full-Service Providers,11.4,10.63,6.22,0.0,9.18
2012,AR,Full-Service Providers,9.3,7.71,5.76,11.23,7.62
2012,AZ,Full-Service Providers,11.29,9.53,6.53,0.0,9.81
2012,CA,Full-Service Providers,15.32,13.62,10.72,7.96,13.8
2012,CO,Full-Service Providers,11.46,9.39,6.95,9.69,9.39
2012,CT,Full-Service Providers,17.05,14.32,10.2,0.0,15.79
2012,DC,Full-Service Providers,12.25,12.51,0.0,0.0,12.35
2012,DE,Full-Service Providers,13.6,12.38,9.89,0.0,12.77
2012,FL,Full-Service Providers,11.42,9.66,8.04,8.45,10.44
2012,GA,Full-Service Providers,11.17,9.58,5.98,7.65,9.37
2012,HI,Full-Service Providers,37.34,34.88,30.82,0.0,34.04
2012,IA,Full-Service Providers,10.82,8.01,5.3,0.0,7.71
2012,ID,Full-Service Providers,8.67,6.86,5.48,0.0,6.92
2012,IL,Full-Service Providers,11.7,9.44,5.81,6.19,10.44
2012,IN,Full-Service Providers,10.53,9.14,6.34,9.56,8.29
2012,KS,Full-Service Providers,11.24,9.24,7.09,0.0,9.33
2012,KY,Full-Service Providers,9.43,8.73,5.35,0.0,7.26
2012,LA,Full-Service Providers,8.37,7.75,4.76,8.72,6.9
2012,MA,Full-Service Providers,14.77,14.15,11.08,0.0,14.02
2012,MD,Full-Service Providers,12.78,10.72,8.44,0.0,12.16
2012,ME,Full-Service Providers,13.84,12.37,10.89,0.0,12.78
2012,MI,Full-Service Providers,14.13,11.34,7.84,8.08,11.36
2012,MN,Full-Service Providers,11.35,8.84,6.54,8.67,8.86
2012,MO,Full-Service Providers,10.17,8.2,5.89,6.97,8.53
2012,MS,Full-Service Providers,10.26,9.33,6.24,0.0,8.6
2012,MT,Full-Service Providers,10.08,9.24,6.96,0.0,9.27
2012,NC,Full-Service Providers,10.91,8.66,6.42,7.88,9.15
2012,ND,Full-Service Providers,9.06,8.02,6.55,0.0,7.83
2012,NE,Full-Service Providers,10.04,8.38,7.01,0.0,8.37
2012,NH,Full-Service Providers,16.12,15.05,16.18,0.0,15.79
2012,NJ,Full-Service Providers,15.87,13.64,8.53,9.86,14.88
2012,NM,Full-Service Providers,11.37,9.32,5.83,0.0,8.83
2012,NV,Full-Service Providers,11.83,8.92,6.67,8.4,9.13
2012,NY,Full-Service Providers,17.33,16.19,7.66,13.32,16.33
2012,OH,Full-Service Providers,12.02,10.68,6.37,9.23,9.99
2012,OK,Full-Service Providers,9.51,7.32,5.09,0.0,7.54
2012,OR,Full-Service Providers,9.8,8.33,5.63,8.24,8.29
2012,PA,Full-Service Providers,12.75,10.95,7.56,0.0,12.04
2012,RI,Full-Service Providers,14.41,12.38,11.65,0.0,13.59
2012,SC,Full-Service Providers,11.77,9.63,6.02,0.0,9.1
2012,SD,Full-Service Providers,10.07,8.1,6.57,0.0,8.49
2012,TN,Full-Service Providers,10.1,10.31,7.08,11.28,9.27
2012,TX,Full-Service Providers,10.98,8.16,5.57,10.54,8.55
2012,UT,Full-Service Providers,9.93,8.06,5.62,9.79,7.84
2012,VA,Full-Service Providers,11.08,8.08,6.72,8.51,9.07
2012,VT,Full-Service Providers,17.01,14.32,9.98,0.0,14.22
2012,WA,Full-Service Providers,8.53,7.68,4.12,8.06,7.01
2012,WI,Full-Service Providers,13.19,10.51,7.34,0.0,10.28
2012,WV,Full-Service Providers,9.85,8.42,6.33,8.66,8.14
2012,WY,Full-Service Providers,9.85,8.24,6.03,0.0,7.19
2012,US,Full-Service Providers,11.77,9.88,6.52,9.5,9.8
2012,CA,Restructured Retail Service Providers,20.06,11.74,9.57,6.48,10.96
2012,CT,Restructured Retail Service Providers,17.7,14.74,13.48,9.69,15.41
2012,DC,Restructured Retail Service Providers,12.49,11.95,5.46,9.01,11.69
2012,DE,Restructured Retail Service Providers,13.06,8.67,7.44,0.0,8.35
2012,IL,Restructured Retail Service Providers,10.0,7.24,5.8,6.15,6.85
2012,MA,Restructured Retail Service Providers,15.87,13.62,13.15,4.91,13.51
2012,MD,Restructured Retail Service Providers,13.06,10.34,8.03,8.29,10.49
2012,ME,Restructured Retail Service Providers,14.67,11.52,7.95,0.0,11.8
2012,MI,Restructured Retail Service Providers,14.11,7.73,6.46,0.0,7.06
2012,MT,Restructured Retail Service Providers,10.17,5.77,3.92,0.0,4.02
2012,NH,Restructured Retail Service Providers,14.26,11.89,10.83,0.0,11.54
2012,NJ,Restructured Retail Service Providers,15.28,12.39,10.96,9.77,12.47
2012,NV,Restructured Retail Service Providers,0.0,6.8,4.64,0.0,5.15
2012,NY,Restructured Retail Service Providers,18.83,14.45,6.26,14.31,13.95
2012,OH,Restructured Retail Service Providers,11.28,8.84,6.14,6.86,8.34
2012,OR,Restructured Retail Service Providers,0.0,7.85,5.14,0.0,6.12
2012,PA,Restructured Retail Service Providers,12.76,8.93,7.2,8.07,8.76
2012,RI,Restructured Retail Service Providers,14.02,11.41,10.36,8.28,11.16
2012,WA,Restructured Retail Service Providers,0.0,4.54,4.24,0.0,4.25
2012,US,Restructured Retail Service Providers,13.64,10.99,7.36,10.38,10.12
2012,CA,Energy-Only Providers,7.99,5.9,5.43,5.7,5.75
2012,CT,Energy-Only Providers,8.85,8.11,8.52,6.23,8.37
2012,DC,Energy-Only Providers,9.13,8.27,4.12,5.97,8.1
2012,DE,Energy-Only Providers,9.22,7.22,6.89,0.0,7.16
2012,IL,Energy-Only Providers,5.61,5.28,4.77,4.94,5.07
2012,MA,Energy-Only Providers,7.99,7.64,7.64,4.13,7.63
2012,MD,Energy-Only Providers,9.0,7.7,6.57,6.93,7.77
2012,ME,Energy-Only Providers,7.42,6.8,5.73,0.0,6.76
2012,MI,Energy-Only Providers,7.48,5.75,5.42,0.0,5.57
2012,MT,Energy-Only Providers,6.22,3.46,3.42,0.0,3.43
2012,NH,Energy-Only Providers,7.38,6.91,7.05,0.0,6.98
2012,NJ,Energy-Only Providers,10.45,8.02,7.1,6.76,8.14
2012,NV,Energy-Only Providers,0.0,6.08,4.49,0.0,4.86
2012,NY,Energy-Only Providers,8.41,7.42,3.47,9.16,7.09
2012,OH,Energy-Only Providers,6.11,5.56,4.96,4.84,5.45
2012,OR,Energy-Only Providers,0.0,4.08,3.28,0.0,3.57
2012,PA,Energy-Only Providers,7.83,6.95,6.26,6.75,6.77
2012,RI,Energy-Only Providers,7.66,6.94,7.0,1.76,6.92
2012,WA,Energy-Only Providers,0.0,3.76,3.76,0.0,3.76
2012,US,Energy-Only Providers,7.53,6.86,5.56,7.29,6.51
2012,CA,Delivery-Only Service,12.07,5.84,4.14,0.78,5.21
2012,CT,Delivery-Only Service,8.85,6.63,4.96,3.47,7.03
2012,DC,Delivery-Only Service,3.37,3.68,1.34,3.04,3.59
2012,DE,Delivery-Only Service,3.83,1.45,0.56,0.0,1.19
2012,IL,Delivery-Only Service,4.39,1.96,1.02,1.21,1.78
2012,MA,Delivery-Only Service,7.89,5.98,5.5,0.77,5.88
2012,MD,Delivery-Only Service,4.06,2.64,1.46,1.36,2.72
2012,ME,Delivery-Only Service,7.26,4.72,2.22,0.0,5.04
2012,MI,Delivery-Only Service,6.64,1.98,1.04,0.0,1.48
2012,MT,Delivery-Only Service,3.95,2.31,0.49,0.0,0.59
2012,NH,Delivery-Only Service,6.88,4.98,3.78,0.0,4.57
2012,NJ,Delivery-Only Service,4.83,4.36,3.86,3.0,4.32
2012,NV,Delivery-Only Service,0.0,0.71,0.15,0.0,0.29
2012,NY,Delivery-Only Service,10.42,7.03,2.8,5.15,6.86
2012,OH,Delivery-Only Service,5.18,3.28,1.18,2.03,2.89
2012,OR,Delivery-Only Service,0.0,3.77,1.85,0.0,2.55
2012,PA,Delivery-Only Service,4.93,1.98,0.94,1.32,1.99
2012,RI,Delivery-Only Service,6.36,4.47,3.36,6.52,4.23
2012,WA,Delivery-Only Service,0.0,0.78,0.47,0.0,0.48
2012,US,Delivery-Only Service,6.11,4.13,1.8,3.09,3.61
2011,AK,Total Electric Industry,17.62,15.1,15.71,0.0,16.08
2011,AL,Total Electric Industry,11.09,10.47,6.25,0.0,9.1
2011,AR,Total Electric Industry,9.02,7.5,5.63,11.1,7.43
2011,AZ,Total Electric Industry,11.08,9.5,6.55,0.0,9.71
2011,CA,Total Electric Industry,14.78,13.05,10.11,8.14,13.05
2011,CO,Total Electric Industry,11.27,9.44,7.06,9.79,9.39
2011,CT,Total Electric Industry,18.11,15.57,13.24,10.25,16.35
2011,DC,Total Electric Industry,13.4,12.9,6.89,10.19,12.81
2011,DE,Total Electric Industry,13.7,10.64,8.91,0.0,11.48
2011,FL,Total Electric Industry,11.51,9.85,8.55,8.81,10.61
2011,GA,Total Electric Industry,11.05,9.87,6.6,7.94,9.61
2011,HI,Total Electric Industry,34.68,32.37,28.4,0.0,31.59
2011,IA,Total Electric Industry,10.46,7.85,5.21,0.0,7.56
2011,ID,Total Electric Industry,7.87,6.41,5.1,0.0,6.44
2011,IL,Total Electric Industry,11.78,8.64,6.42,6.81,8.97
2011,IN,Total Electric Industry,10.06,8.77,6.17,9.74,8.01
2011,KS,Total Electric Industry,10.65,8.78,6.71,0.0,8.89
2011,KY,Total Electric Industry,9.2,8.49,5.33,0.0,7.17
2011,LA,Total Electric Industry,8.96,8.44,5.69,8.33,7.68
2011,MA,Total Electric Industry,14.67,14.33,13.38,6.14,14.11
2011,MD,Total Electric Industry,13.31,11.28,8.76,9.03,11.93
2011,ME,Total Electric Industry,15.38,12.29,8.88,0.0,12.58
2011,MI,Total Electric Industry,13.27,10.33,7.32,8.53,10.4
2011,MN,Total Electric Industry,10.96,8.63,6.47,8.23,8.65
2011,MO,Total Electric Industry,9.75,8.04,5.85,6.9,8.32
2011,MS,Total Electric Industry,10.17,9.48,6.53,0.0,8.78
2011,MT,Total Electric Industry,9.75,9.12,5.27,0.0,8.23
2011,NC,Total Electric Industry,10.26,8.13,6.01,7.04,8.65
2011,ND,Total Electric Industry,8.58,7.61,6.24,0.0,7.5
2011,NE,Total Electric Industry,9.32,7.99,6.43,0.0,7.88
2011,NH,Total Electric Industry,16.52,14.04,12.27,0.0,14.74
2011,NJ,Total Electric Industry,16.23,13.47,11.43,10.69,14.3
2011,NM,Total Electric Industry,11.0,9.07,6.06,0.0,8.74
2011,NV,Total Electric Industry,11.61,9.05,6.65,8.58,8.97
2011,NY,Total Electric Industry,18.26,15.81,7.83,13.45,15.89
2011,OH,Total Electric Industry,11.42,9.63,6.12,6.64,9.03
2011,OK,Total Electric Industry,9.47,7.6,5.46,0.0,7.8
2011,OR,Total Electric Industry,9.54,8.15,5.47,7.89,8.04
2011,PA,Total Electric Industry,13.26,10.03,7.73,8.93,10.45
2011,RI,Total Electric Industry,14.33,12.37,11.27,14.11,13.04
2011,SC,Total Electric Industry,11.05,9.3,5.94,0.0,8.8
2011,SD,Total Electric Industry,9.35,7.76,6.2,0.0,8.05
2011,TN,Total Electric Industry,9.98,10.27,7.23,12.07,9.28
2011,TX,Total Electric Industry,11.08,8.83,6.24,10.08,9.0
2011,UT,Total Electric Industry,8.96,7.35,5.1,9.24,7.13
2011,VA,Total Electric Industry,10.64,7.95,6.49,8.24,8.84
2011,VT,Total Electric Industry,16.26,14.0,9.83,0.0,13.8
2011,WA,Total Electric Industry,8.28,7.49,4.09,8.54,6.78
2011,WI,Total Electric Industry,13.02,10.42,7.33,0.0,10.21
2011,WV,Total Electric Industry,9.39,8.14,6.18,8.6,7.88
2011,WY,Total Electric Industry,9.11,7.72,5.41,0.0,6.58
2011,US,Total Electric Industry,11.72,10.24,6.82,10.46,9.9
2011,AK,Full-Service Providers,17.62,15.1,15.71,0.0,16.08
2011,AL,Full-Service Providers,11.09,10.47,6.25,0.0,9.1
2011,AR,Full-Service Providers,9.02,7.5,5.63,11.1,7.43
2011,AZ,Full-Service Providers,11.08,9.5,6.55,0.0,9.71
2011,CA,Full-Service Providers,14.75,13.16,10.14,8.82,13.22
2011,CO,Full-Service Providers,11.27,9.44,7.06,9.79,9.39
2011,CT,Full-Service Providers,17.92,15.37,10.78,10.15,16.67
2011,DC,Full-Service Providers,13.44,14.36,0.0,0.0,13.79
2011,DE,Full-Service Providers,13.72,12.56,10.44,0.0,12.96
2011,FL,Full-Service Providers,11.51,9.85,8.55,8.81,10.61
2011,GA,Full-Service Providers,11.05,9.87,6.6,7.94,9.61
2011,HI,Full-Service Providers,34.68,32.37,28.4,0.0,31.59
2011,IA,Full-Service Providers,10.46,7.85,5.21,0.0,7.56
2011,ID,Full-Service Providers,7.87,6.41,5.1,0.0,6.44
2011,IL,Full-Service Providers,11.79,9.9,6.02,6.65,10.75
2011,IN,Full-Service Providers,10.06,8.77,6.17,9.74,8.01
2011,KS,Full-Service Providers,10.65,8.78,6.71,0.0,8.89
2011,KY,Full-Service Providers,9.2,8.49,5.33,0.0,7.17
2011,LA,Full-Service Providers,8.96,8.44,5.69,8.33,7.68
2011,MA,Full-Service Providers,14.49,14.56,12.55,0.0,14.22
2011,MD,Full-Service Providers,13.29,11.54,9.12,0.0,12.75
2011,ME,Full-Service Providers,14.47,13.08,11.83,0.0,13.53
2011,MI,Full-Service Providers,13.27,10.6,7.43,8.53,10.69
2011,MN,Full-Service Providers,10.96,8.63,6.47,8.23,8.65
2011,MO,Full-Service Providers,9.75,8.04,5.85,6.9,8.32
2011,MS,Full-Service Providers,10.17,9.48,6.53,0.0,8.78
2011,MT,Full-Service Providers,9.75,9.21,6.68,0.0,9.11
2011,NC,Full-Service Providers,10.26,8.13,6.01,7.04,8.64
2011,ND,Full-Service Providers,8.58,7.61,6.24,0.0,7.5
2011,NE,Full-Service Providers,9.32,7.99,6.43,0.0,7.88
2011,NH,Full-Service Providers,16.52,15.34,16.24,0.0,16.11
2011,NJ,Full-Service Providers,16.23,14.22,9.49,12.15,15.29
2011,NM,Full-Service Providers,11.0,9.07,6.06,0.0,8.74
2011,NV,Full-Service Providers,11.61,9.11,6.84,8.58,9.14
2011,NY,Full-Service Providers,18.06,17.11,9.18,11.04,17.17
2011,OH,Full-Service Providers,11.57,10.31,6.05,12.11,9.48
2011,OK,Full-Service Providers,9.47,7.6,5.46,0.0,7.8
2011,OR,Full-Service Providers,9.54,8.16,5.51,7.89,8.11
2011,PA,Full-Service Providers,13.24,11.67,9.06,7.65,12.47
2011,RI,Full-Service Providers,14.34,12.64,11.82,0.0,13.59
2011,SC,Full-Service Providers,11.05,9.3,5.94,0.0,8.8
2011,SD,Full-Service Providers,9.35,7.76,6.2,0.0,8.05
2011,TN,Full-Service Providers,9.98,10.27,7.23,12.07,9.28
2011,TX,Full-Service Providers,11.08,8.83,6.24,10.08,9.0
2011,UT,Full-Service Providers,8.96,7.35,5.1,9.24,7.13
2011,VA,Full-Service Providers,10.64,7.95,6.49,8.24,8.84
2011,VT,Full-Service Providers,16.26,14.0,9.83,0.0,13.8
2011,WA,Full-Service Providers,8.28,7.5,4.02,8.54,6.83
2011,WI,Full-Service Providers,13.02,10.42,7.33,0.0,10.21
2011,WV,Full-Service Providers,9.39,8.14,6.18,8.6,7.88
2011,WY,Full-Service Providers,9.11,7.72,5.41,0.0,6.58
2011,US,Full-Service Providers,11.6,9.93,6.6,9.35,9.79
2011,CA,Restructured Retail Service Providers,22.9,12.1,9.96,7.26,11.29
2011,CT,Restructured Retail Service Providers,18.37,15.63,14.07,10.28,16.15
2011,DC,Restructured Retail Service Providers,12.91,12.69,6.89,10.19,12.45
2011,DE,Restructured Retail Service Providers,12.78,9.34,7.76,0.0,8.87
2011,IL,Restructured Retail Service Providers,11.57,7.81,6.49,6.82,7.13
2011,MA,Restructured Retail Service Providers,16.14,14.16,13.68,6.14,13.98
2011,MD,Restructured Retail Service Providers,13.44,11.19,8.7,9.03,11.13
2011,ME,Restructured Retail Service Providers,15.4,12.28,8.85,0.0,12.56
2011,MI,Restructured Retail Service Providers,13.25,8.3,6.72,0.0,7.48
2011,MT,Restructured Retail Service Providers,9.84,6.24,4.43,0.0,4.54
2011,NH,Restructured Retail Service Providers,14.94,12.45,11.04,0.0,11.86
2011,NJ,Restructured Retail Service Providers,16.3,13.03,11.94,10.58,13.07
2011,NV,Restructured Retail Service Providers,0.0,7.48,4.63,0.0,5.18
2011,NY,Restructured Retail Service Providers,19.27,15.04,7.22,13.87,14.47
2011,OH,Restructured Retail Service Providers,11.04,9.09,6.2,6.45,8.42
2011,OR,Restructured Retail Service Providers,0.0,7.78,4.99,0.0,5.85
2011,PA,Restructured Retail Service Providers,13.33,9.2,7.53,8.93,8.87
2011,RI,Restructured Retail Service Providers,13.96,12.08,11.03,14.11,11.86
2011,WA,Restructured Retail Service Providers,0.0,5.18,4.82,0.0,4.83
2011,US,Restructured Retail Service Providers,14.58,11.61,7.89,10.79,10.6
2011,CA,Energy-Only Providers,10.1,6.54,5.96,6.44,6.34
2011,CT,Energy-Only Providers,9.72,9.29,9.29,6.77,9.39
2011,DC,Energy-Only Providers,9.69,9.07,5.55,7.17,8.92
2011,DE,Energy-Only Providers,9.74,8.14,7.28,0.0,7.87
2011,IL,Energy-Only Providers,6.97,5.93,5.5,5.59,5.71
2011,MA,Energy-Only Providers,8.38,8.52,8.38,5.42,8.4
2011,MD,Energy-Only Providers,9.45,8.7,7.38,7.76,8.61
2011,ME,Energy-Only Providers,8.41,7.76,6.82,0.0,7.76
2011,MI,Energy-Only Providers,7.35,6.25,5.71,0.0,5.97
2011,MT,Energy-Only Providers,6.1,3.93,3.92,0.0,3.92
2011,NH,Energy-Only Providers,8.11,7.83,7.54,0.0,7.71
2011,NJ,Energy-Only Providers,11.26,8.76,8.12,7.6,8.83
2011,NV,Energy-Only Providers,0.0,6.45,4.47,0.0,4.85
2011,NY,Energy-Only Providers,9.34,8.19,4.33,9.02,7.84
2011,OH,Energy-Only Providers,6.55,6.0,5.23,4.89,5.83
2011,OR,Energy-Only Providers,0.0,4.31,3.85,0.0,3.99
2011,PA,Energy-Only Providers,8.55,7.37,6.66,7.58,7.16
2011,RI,Energy-Only Providers,7.8,7.87,7.63,8.48,7.81
2011,WA,Energy-Only Providers,0.0,4.32,4.33,0.0,4.33
2011,US,Energy-Only Providers,8.42,7.61,6.15,7.8,7.18
2011,CA,Delivery-Only Service,12.8,5.57,4.01,0.82,4.94
2011,CT,Delivery-Only Service,8.65,6.34,4.78,3.51,6.76
2011,DC,Delivery-Only Service,3.22,3.62,1.34,3.02,3.53
2011,DE,Delivery-Only Service,3.03,1.21,0.48,0.0,0.99
2011,IL,Delivery-Only Service,4.6,1.88,0.99,1.23,1.42
2011,MA,Delivery-Only Service,7.76,5.64,5.3,0.72,5.59
2011,MD,Delivery-Only Service,3.99,2.49,1.32,1.26,2.52
2011,ME,Delivery-Only Service,6.99,4.53,2.03,0.0,4.81
2011,MI,Delivery-Only Service,5.9,2.05,1.01,0.0,1.51
2011,MT,Delivery-Only Service,3.74,2.31,0.51,0.0,0.62
2011,NH,Delivery-Only Service,6.83,4.62,3.5,0.0,4.16
2011,NJ,Delivery-Only Service,5.04,4.27,3.82,2.98,4.24
2011,NV,Delivery-Only Service,0.0,1.03,0.16,0.0,0.33
2011,NY,Delivery-Only Service,9.93,6.85,2.89,4.85,6.62
2011,OH,Delivery-Only Service,4.49,3.08,0.96,1.57,2.59
2011,OR,Delivery-Only Service,0.0,3.47,1.14,0.0,1.86
2011,PA,Delivery-Only Service,4.79,1.83,0.87,1.35,1.71
2011,RI,Delivery-Only Service,6.16,4.21,3.4,5.63,4.04
2011,WA,Delivery-Only Service,0.0,0.85,0.49,0.0,0.5
2011,US,Delivery-Only Service,6.16,4.01,1.73,2.99,3.42
2010,AK,Total Electric Industry,16.26,13.95,14.14,0.0,14.76
2010,AL,Total Electric Industry,10.67,10.18,6.01,0.0,8.89
2010,AR,Total Electric Industry,8.86,7.31,5.44,11.33,7.28
2010,AZ,Total Electric Industry,10.97,9.47,6.63,0.0,9.69
2010,CA,Total Electric Industry,14.75,13.09,9.8,8.27,13.01
2010,CO,Total Electric Industry,11.04,9.13,6.9,9.34,9.15
2010,CT,Total Electric Industry,19.25,16.45,14.51,11.53,17.38
2010,DC,Total Electric Industry,14.01,13.42,7.74,10.95,13.35
2010,DE,Total Electric Industry,13.8,11.36,9.57,0.0,11.97
2010,FL,Total Electric Industry,11.44,9.76,8.85,8.58,10.58
2010,GA,Total Electric Industry,10.07,9.06,6.22,7.46,8.87
2010,HI,Total Electric Industry,28.1,25.93,21.94,0.0,25.12
2010,IA,Total Electric Industry,10.42,7.91,5.36,0.0,7.66
2010,ID,Total Electric Industry,7.99,6.64,5.15,0.0,6.54
2010,IL,Total Electric Industry,11.52,8.88,6.82,6.72,9.13
2010,IN,Total Electric Industry,9.56,8.38,5.87,9.21,7.67
2010,KS,Total Electric Industry,10.03,8.25,6.23,0.0,8.35
2010,KY,Total Electric Industry,8.57,7.88,5.05,0.0,6.73
2010,LA,Total Electric Industry,8.98,8.5,5.84,9.46,7.8
2010,MA,Total Electric Industry,14.59,14.53,13.71,6.4,14.26
2010,MD,Total Electric Industry,14.32,11.75,9.58,9.89,12.71
2010,ME,Total Electric Industry,15.72,12.52,9.17,0.0,12.84
2010,MI,Total Electric Industry,12.46,9.81,7.08,10.65,9.88
2010,MN,Total Electric Industry,10.59,8.38,6.29,7.77,8.41
2010,MO,Total Electric Industry,9.08,7.5,5.5,6.14,7.78
2010,MS,Total Electric Industry,9.87,9.32,6.32,0.0,8.59
2010,MT,Total Electric Industry,9.16,8.55,5.55,0.0,7.84
2010,NC,Total Electric Industry,10.12,8.16,6.17,7.09,8.67
2010,ND,Total Electric Industry,8.13,7.21,5.81,0.0,7.11
2010,NE,Total Electric Industry,8.94,7.64,6.0,0.0,7.52
2010,NH,Total Electric Industry,16.32,14.25,12.76,0.0,14.84
2010,NJ,Total Electric Industry,16.57,13.89,11.81,11.73,14.68
2010,NM,Total Electric Industry,10.52,8.57,6.01,0.0,8.4
2010,NV,Total Electric Industry,12.36,9.79,7.37,9.4,9.73
2010,NY,Total Electric Industry,18.74,16.31,8.79,13.74,16.41
2010,OH,Total Electric Industry,11.31,9.73,6.4,8.62,9.14
2010,OK,Total Electric Industry,9.14,7.45,5.35,0.0,7.59
2010,OR,Total Electric Industry,8.87,7.59,5.4,6.99,7.56
2010,PA,Total Electric Industry,12.7,10.1,7.66,7.91,10.31
2010,RI,Total Electric Industry,15.92,13.1,11.83,13.73,14.07
2010,SC,Total Electric Industry,10.5,8.9,5.74,0.0,8.49
2010,SD,Total Electric Industry,8.97,7.55,6.07,0.0,7.82
2010,TN,Total Electric Industry,9.23,9.66,6.58,11.09,8.61
2010,TX,Total Electric Industry,11.6,9.19,6.44,9.82,9.34
2010,UT,Total Electric Industry,8.71,7.15,4.93,8.69,6.94
2010,VA,Total Electric Industry,10.45,7.65,6.66,7.7,8.69
2010,VT,Total Electric Industry,15.57,13.44,9.53,0.0,13.24
2010,WA,Total Electric Industry,8.04,7.37,4.08,7.42,6.66
2010,WI,Total Electric Industry,12.65,9.98,6.85,0.0,9.78
2010,WV,Total Electric Industry,8.79,7.66,5.86,8.33,7.45
2010,WY,Total Electric Industry,8.77,7.42,4.98,0.0,6.2
2010,US,Total Electric Industry,11.54,10.19,6.77,10.56,9.83
2010,AK,Full-Service Providers,16.26,13.95,14.14,0.0,14.76
2010,AL,Full-Service Providers,10.67,10.18,6.01,0.0,8.89
2010,AR,Full-Service Providers,8.86,7.31,5.44,11.33,7.28
2010,AZ,Full-Service Providers,10.97,9.47,6.63,0.0,9.69
2010,CA,Full-Service Providers,14.74,13.22,9.79,8.87,13.16
2010,CO,Full-Service Providers,11.04,9.13,6.9,9.34,9.15
2010,CT,Full-Service Providers,19.47,16.48,12.05,11.16,18.15
2010,DC,Full-Service Providers,14.02,14.92,0.0,0.0,14.38
2010,DE,Full-Service Providers,13.78,13.42,10.8,0.0,13.25
2010,FL,Full-Service Providers,11.44,9.76,8.85,8.58,10.58
2010,GA,Full-Service Providers,10.07,9.06,6.22,7.46,8.87
2010,HI,Full-Service Providers,28.1,25.93,21.94,0.0,25.12
2010,IA,Full-Service Providers,10.42,7.91,5.36,0.0,7.66
2010,ID,Full-Service Providers,7.99,6.64,5.15,0.0,6.54
2010,IL,Full-Service Providers,11.52,9.83,6.04,7.33,10.57
2010,IN,Full-Service Providers,9.56,8.38,5.87,9.21,7.67
2010,KS,Full-Service Providers,10.03,8.25,6.23,0.0,8.35
2010,KY,Full-Service Providers,8.57,7.88,5.05,0.0,6.73
2010,LA,Full-Service Providers,8.98,8.5,5.84,9.46,7.8
2010,MA,Full-Service Providers,14.31,14.3,12.22,0.0,14.01
2010,MD,Full-Service Providers,14.35,12.26,9.45,0.0,13.74
2010,ME,Full-Service Providers,15.47,13.06,12.27,0.0,14.12
2010,MI,Full-Service Providers,12.46,9.95,7.07,10.65,10.07
2010,MN,Full-Service Providers,10.59,8.38,6.29,7.77,8.41
2010,MO,Full-Service Providers,9.08,7.5,5.5,6.14,7.78
2010,MS,Full-Service Providers,9.87,9.32,6.32,0.0,8.59
2010,MT,Full-Service Providers,9.16,8.61,6.19,0.0,8.46
2010,NC,Full-Service Providers,10.12,8.16,6.17,7.09,8.67
2010,ND,Full-Service Providers,8.13,7.21,5.81,0.0,7.11
2010,NE,Full-Service Providers,8.94,7.63,6.0,0.0,7.52
2010,NH,Full-Service Providers,16.32,14.54,13.14,0.0,15.48
2010,NJ,Full-Service Providers,16.58,14.63,10.47,0.0,15.61
2010,NM,Full-Service Providers,10.52,8.57,6.01,0.0,8.4
2010,NV,Full-Service Providers,12.36,9.85,7.58,9.4,9.91
2010,NY,Full-Service Providers,18.51,17.48,9.28,17.89,17.56
2010,OH,Full-Service Providers,11.31,9.89,6.1,10.88,9.32
2010,OK,Full-Service Providers,9.14,7.45,5.35,0.0,7.59
2010,OR,Full-Service Providers,8.87,7.62,5.44,6.99,7.63
2010,PA,Full-Service Providers,12.68,10.43,7.67,7.74,10.6
2010,RI,Full-Service Providers,15.93,13.38,12.32,0.0,14.8
2010,SC,Full-Service Providers,10.5,8.9,5.74,0.0,8.49
2010,SD,Full-Service Providers,8.97,7.55,6.07,0.0,7.82
2010,TN,Full-Service Providers,9.23,9.66,6.58,11.09,8.61
2010,TX,Full-Service Providers,11.6,9.19,6.44,9.82,9.34
2010,UT,Full-Service Providers,8.71,7.15,4.93,8.69,6.94
2010,VA,Full-Service Providers,10.45,7.65,6.66,7.7,8.69
2010,VT,Full-Service Providers,15.57,13.44,9.53,0.0,13.24
2010,WA,Full-Service Providers,8.04,7.38,3.98,7.42,6.7
2010,WI,Full-Service Providers,12.65,9.98,6.85,0.0,9.78
2010,WV,Full-Service Providers,8.79,7.66,5.86,8.33,7.45
2010,WY,Full-Service Providers,8.77,7.42,4.98,0.0,6.2
2010,US,Full-Service Providers,11.44,9.82,6.49,9.55,9.67
2010,CA,Restructured Retail Service Providers,20.44,11.7,9.88,7.47,10.95
2010,CT,Restructured Retail Service Providers,18.7,16.44,15.33,12.2,16.75
2010,DC,Restructured Retail Service Providers,13.82,13.16,7.74,10.95,12.94
2010,DE,Restructured Retail Service Providers,15.01,9.93,8.55,0.0,9.56
2010,ID,Restructured Retail Service Providers,0.0,0.0,0.0,0.0,0.0
2010,IL,Restructured Retail Service Providers,15.8,8.11,6.95,6.7,7.45
2010,MA,Restructured Retail Service Providers,16.96,14.72,14.25,6.4,14.57
2010,MD,Restructured Retail Service Providers,13.96,11.55,9.6,9.89,11.43
2010,ME,Restructured Retail Service Providers,15.72,12.51,9.14,0.0,12.82
2010,MI,Restructured Retail Service Providers,12.58,8.79,7.16,0.0,7.95
2010,MT,Restructured Retail Service Providers,9.25,6.82,5.09,0.0,5.2
2010,NH,Restructured Retail Service Providers,16.43,13.81,12.62,0.0,13.28
2010,NJ,Restructured Retail Service Providers,15.49,13.25,12.26,11.73,13.05
2010,NV,Restructured Retail Service Providers,0.0,7.74,5.18,0.0,5.67
2010,NY,Restructured Retail Service Providers,20.03,15.53,8.52,13.25,15.03
2010,OH,Restructured Retail Service Providers,11.32,9.48,6.87,8.0,8.77
2010,OR,Restructured Retail Service Providers,0.0,6.6,4.93,0.0,5.43
2010,PA,Restructured Retail Service Providers,12.89,9.49,7.63,9.04,9.32
2010,RI,Restructured Retail Service Providers,14.33,12.79,11.6,13.73,12.49
2010,WA,Restructured Retail Service Providers,0.0,5.41,5.1,0.0,5.11
2010,US,Restructured Retail Service Providers,15.29,12.21,8.56,11.03,11.23
2010,CA,Energy-Only Providers,10.07,7.1,6.71,6.65,6.96
2010,CT,Energy-Only Providers,10.3,10.03,10.34,8.13,10.14
2010,DC,Energy-Only Providers,10.65,9.57,6.44,8.0,9.44
2010,DE,Energy-Only Providers,10.81,8.78,8.04,0.0,8.57
2010,ID,Energy-Only Providers,0.0,0.0,0.0,0.0,0.0
2010,IL,Energy-Only Providers,11.83,6.32,5.99,5.51,6.13
2010,MA,Energy-Only Providers,9.32,9.29,9.26,5.65,9.23
2010,MD,Energy-Only Providers,10.45,9.2,8.47,8.54,9.18
2010,ME,Energy-Only Providers,8.86,8.11,7.04,0.0,8.11
2010,MI,Energy-Only Providers,6.51,6.5,5.86,0.0,6.17
2010,MT,Energy-Only Providers,5.58,4.55,4.56,0.0,4.56
2010,NH,Energy-Only Providers,9.07,8.29,8.18,0.0,8.24
2010,NJ,Energy-Only Providers,10.69,9.17,8.58,8.71,9.06
2010,NV,Energy-Only Providers,0.0,6.71,5.0,0.0,5.34
2010,NY,Energy-Only Providers,10.32,9.01,5.57,8.94,8.7
2010,OH,Energy-Only Providers,6.53,6.07,5.42,4.87,5.89
2010,OR,Energy-Only Providers,0.0,4.18,4.45,0.0,4.37
2010,PA,Energy-Only Providers,9.21,7.81,6.99,7.86,7.72
2010,RI,Energy-Only Providers,8.17,8.51,8.28,8.96,8.45
2010,WA,Energy-Only Providers,0.0,4.56,4.56,0.0,4.56
2010,US,Energy-Only Providers,8.88,8.21,6.62,8.05,7.73
2010,CA,Delivery-Only Service,10.37,4.6,3.17,0.82,3.99
2010,CT,Delivery-Only Service,8.41,6.4,4.99,4.07,6.62
2010,DC,Delivery-Only Service,3.18,3.59,1.31,2.95,3.5
2010,DE,Delivery-Only Service,4.2,1.15,0.52,0.0,1.0
2010,ID,Delivery-Only Service,0.0,0.0,0.0,0.0,0.0
2010,IL,Delivery-Only Service,3.97,1.8,0.96,1.19,1.32
2010,MA,Delivery-Only Service,7.65,5.43,4.99,0.75,5.34
2010,MD,Delivery-Only Service,3.5,2.35,1.14,1.35,2.25
2010,ME,Delivery-Only Service,6.86,4.39,2.1,0.0,4.71
2010,MI,Delivery-Only Service,6.08,2.29,1.29,0.0,1.77
2010,MT,Delivery-Only Service,3.67,2.27,0.53,0.0,0.64
2010,NH,Delivery-Only Service,7.36,5.51,4.44,0.0,5.04
2010,NJ,Delivery-Only Service,4.81,4.08,3.68,3.02,3.99
2010,NV,Delivery-Only Service,0.0,1.02,0.17,0.0,0.34
2010,NY,Delivery-Only Service,9.71,6.51,2.95,4.31,6.32
2010,OH,Delivery-Only Service,4.79,3.41,1.46,3.13,2.88
2010,OR,Delivery-Only Service,0.0,2.42,0.48,0.0,1.06
2010,PA,Delivery-Only Service,3.68,1.68,0.64,1.18,1.6
2010,RI,Delivery-Only Service,6.16,4.28,3.32,4.77,4.04
2010,WA,Delivery-Only Service,0.0,0.85,0.54,0.0,0.55
2010,US,Delivery-Only Service,6.41,3.99,1.93,2.98,3.5
2009,AK,Total Electric Industry,17.14,14.46,13.15,0.0,15.09
2009,AL,Total Electric Industry,10.66,10.05,5.96,0.0,8.83
2009,AR,Total Electric Industry,9.14,7.56,5.76,12.32,7.57
2009,AZ,Total Electric Industry,10.73,9.35,6.65,0.0,9.56
2009,CA,Total Electric Industry,14.74,13.27,10.42,8.35,13.24
2009,CO,Total Electric Industry,10.0,8.15,6.39,8.14,8.31
2009,CT,Total Electric Industry,20.33,16.87,14.99,11.95,18.07
2009,DC,Total Electric Industry,13.73,13.26,8.38,13.12,13.23
2009,DE,Total Electric Industry,14.07,12.03,9.51,0.0,12.2
2009,FL,Total Electric Industry,12.39,10.77,9.32,10.48,11.49
2009,GA,Total Electric Industry,10.13,8.94,6.12,7.03,8.81
2009,HI,Total Electric Industry,24.2,21.86,18.14,0.0,21.21
2009,IA,Total Electric Industry,9.99,7.55,5.27,0.0,7.37
2009,ID,Total Electric Industry,7.8,6.49,5.17,0.0,6.51
2009,IL,Total Electric Industry,11.27,9.05,7.01,8.39,9.15
2009,IN,Total Electric Industry,9.5,8.32,5.81,9.65,7.62
2009,KS,Total Electric Industry,9.53,7.87,6.1,0.0,7.98
2009,KY,Total Electric Industry,8.37,7.63,4.92,0.0,6.52
2009,LA,Total Electric Industry,8.1,7.69,5.25,10.09,7.06
2009,MA,Total Electric Industry,16.87,15.37,14.07,6.21,15.45
2009,MD,Total Electric Industry,14.98,11.98,9.96,10.5,13.09
2009,ME,Total Electric Industry,15.64,12.6,10.03,0.0,13.12
2009,MI,Total Electric Industry,11.6,9.24,6.98,10.79,9.4
2009,MN,Total Electric Industry,10.04,7.92,6.26,7.73,8.14
2009,MO,Total Electric Industry,8.54,6.96,5.42,5.83,7.35
2009,MS,Total Electric Industry,10.22,9.5,6.61,0.0,8.85
2009,MT,Total Electric Industry,8.94,8.32,5.46,0.0,7.58
2009,NC,Total Electric Industry,9.99,7.98,5.99,6.83,8.48
2009,ND,Total Electric Industry,7.58,6.81,5.25,0.0,6.63
2009,NE,Total Electric Industry,8.52,7.33,5.75,0.0,7.21
2009,NH,Total Electric Industry,16.39,14.36,13.73,0.0,15.09
2009,NJ,Total Electric Industry,16.31,13.84,11.89,12.5,14.53
2009,NM,Total Electric Industry,10.02,8.4,5.72,0.0,8.09
2009,NV,Total Electric Industry,12.86,10.64,7.97,9.95,10.36
2009,NY,Total Electric Industry,17.5,15.48,8.37,13.13,15.44
2009,OH,Total Electric Industry,10.67,9.65,6.72,10.73,9.02
2009,OK,Total Electric Industry,8.49,6.76,4.82,0.0,6.94
2009,OR,Total Electric Industry,8.68,7.5,5.4,6.83,7.47
2009,PA,Total Electric Industry,11.65,9.55,7.21,7.77,9.6
2009,RI,Total Electric Industry,15.6,13.66,12.22,0.0,14.22
2009,SC,Total Electric Industry,10.44,8.74,5.79,0.0,8.42
2009,SD,Total Electric Industry,8.49,7.14,5.65,0.0,7.39
2009,TN,Total Electric Industry,9.32,9.61,6.76,10.69,8.69
2009,TX,Total Electric Industry,12.38,9.66,6.74,9.83,9.86
2009,UT,Total Electric Industry,8.48,6.96,4.81,8.31,6.77
2009,VA,Total Electric Industry,10.61,8.06,6.91,8.42,8.93
2009,VT,Total Electric Industry,14.9,12.93,9.21,0.0,12.75
2009,WA,Total Electric Industry,7.67,6.97,4.4,5.91,6.59
2009,WI,Total Electric Industry,11.94,9.57,6.73,0.0,9.38
2009,WV,Total Electric Industry,7.9,6.77,5.24,7.56,6.65
2009,WY,Total Electric Industry,8.58,7.28,4.83,0.0,6.08
2009,US,Total Electric Industry,11.51,10.16,6.83,10.66,9.82
2009,AK,Full-Service Providers,17.14,14.46,13.15,0.0,15.09
2009,AL,Full-Service Providers,10.66,10.05,5.96,0.0,8.83
2009,AR,Full-Service Providers,9.14,7.56,5.76,12.32,7.57
2009,AZ,Full-Service Providers,10.73,9.35,6.65,0.0,9.56
2009,CA,Full-Service Providers,14.74,13.35,10.39,9.05,13.36
2009,CO,Full-Service Providers,10.0,8.15,6.39,8.14,8.31
2009,CT,Full-Service Providers,20.36,17.55,13.01,0.0,19.12
2009,DC,Full-Service Providers,13.68,15.12,0.0,0.0,14.38
2009,DE,Full-Service Providers,14.04,13.89,10.93,0.0,13.56
2009,FL,Full-Service Providers,12.39,10.77,9.32,10.48,11.49
2009,GA,Full-Service Providers,10.13,8.94,6.12,7.03,8.81
2009,HI,Full-Service Providers,24.2,21.86,18.14,0.0,21.21
2009,IA,Full-Service Providers,9.99,7.55,5.27,0.0,7.37
2009,ID,Full-Service Providers,7.8,6.49,5.17,0.0,6.51
2009,IL,Full-Service Providers,11.27,9.76,5.93,7.8,10.39
2009,IN,Full-Service Providers,9.5,8.32,5.81,9.65,7.62
2009,KS,Full-Service Providers,9.53,7.87,6.1,0.0,7.98
2009,KY,Full-Service Providers,8.37,7.63,4.92,0.0,6.52
2009,LA,Full-Service Providers,8.1,7.69,5.25,10.09,7.06
2009,MA,Full-Service Providers,16.66,16.21,13.53,0.0,16.07
2009,MD,Full-Service Providers,14.95,12.59,9.33,0.0,14.22
2009,ME,Full-Service Providers,16.16,12.93,12.22,0.0,14.46
2009,MI,Full-Service Providers,11.6,9.24,6.98,10.79,9.45
2009,MN,Full-Service Providers,10.04,7.92,6.26,7.73,8.14
2009,MO,Full-Service Providers,8.54,6.96,5.42,5.83,7.35
2009,MS,Full-Service Providers,10.22,9.5,6.61,0.0,8.85
2009,MT,Full-Service Providers,8.94,8.38,6.01,0.0,8.22
2009,NC,Full-Service Providers,9.99,7.98,5.99,6.83,8.48
2009,ND,Full-Service Providers,7.58,6.81,5.25,0.0,6.63
2009,NE,Full-Service Providers,8.52,7.33,5.75,0.0,7.21
2009,NH,Full-Service Providers,16.36,13.97,14.11,0.0,15.17
2009,NJ,Full-Service Providers,16.31,14.59,11.7,10.76,15.34
2009,NM,Full-Service Providers,10.02,8.4,5.72,0.0,8.09
2009,NV,Full-Service Providers,12.86,10.64,8.21,9.95,10.56
2009,NY,Full-Service Providers,17.16,16.21,8.62,14.97,16.25
2009,OH,Full-Service Providers,10.63,9.64,6.76,10.73,9.07
2009,OK,Full-Service Providers,8.49,6.76,4.82,0.0,6.94
2009,OR,Full-Service Providers,8.68,7.53,5.26,6.83,7.53
2009,PA,Full-Service Providers,11.6,9.52,7.16,7.73,9.62
2009,RI,Full-Service Providers,15.6,14.1,12.83,0.0,14.77
2009,SC,Full-Service Providers,10.44,8.74,5.79,0.0,8.42
2009,SD,Full-Service Providers,8.49,7.14,5.65,0.0,7.39
2009,TN,Full-Service Providers,9.32,9.61,6.76,10.69,8.69
2009,TX,Full-Service Providers,12.38,9.66,6.74,9.83,9.86
2009,UT,Full-Service Providers,8.48,6.96,4.81,8.31,6.77
2009,VA,Full-Service Providers,10.61,8.06,6.91,8.42,8.93
2009,VT,Full-Service Providers,14.9,12.93,9.21,0.0,12.75
2009,WA,Full-Service Providers,7.67,6.98,4.4,5.91,6.72
2009,WI,Full-Service Providers,11.94,9.57,6.73,0.0,9.38
2009,WV,Full-Service Providers,7.9,6.77,5.24,7.56,6.65
2009,WY,Full-Service Providers,8.58,7.28,4.83,0.0,6.08
2009,US,Full-Service Providers,11.43,9.82,6.57,9.17,9.67
2009,CA,Restructured Retail Service Providers,15.39,12.34,10.59,7.41,11.54
2009,CT,Restructured Retail Service Providers,20.12,16.52,15.82,11.95,16.72
2009,DC,Restructured Retail Service Providers,15.21,12.82,8.38,13.12,12.72
2009,DE,Restructured Retail Service Providers,15.8,10.45,8.65,0.0,9.79
2009,ID,Restructured Retail Service Providers,0.0,0.0,0.0,0.0,0.0
2009,IL,Restructured Retail Service Providers,11.24,8.37,7.17,8.41,7.68
2009,MA,Restructured Retail Service Providers,18.55,14.68,14.27,6.2,14.69
2009,MD,Restructured Retail Service Providers,15.78,11.72,10.09,10.5,11.56
2009,ME,Restructured Retail Service Providers,15.63,12.6,10.01,0.0,13.11
2009,MI,Restructured Retail Service Providers,11.48,9.35,7.07,0.0,8.41
2009,MT,Restructured Retail Service Providers,8.97,6.79,5.09,0.0,5.19
2009,NH,Restructured Retail Service Providers,19.11,16.04,13.41,0.0,14.74
2009,NJ,Restructured Retail Service Providers,16.35,12.67,11.98,12.6,12.48
2009,NV,Restructured Retail Service Providers,0.0,8.3,6.05,0.0,6.05
2009,NY,Restructured Retail Service Providers,19.64,14.96,8.23,12.92,14.44
2009,OH,Restructured Retail Service Providers,11.39,9.78,6.48,0.0,8.53
2009,OR,Restructured Retail Service Providers,0.0,6.52,6.18,0.0,6.25
2009,PA,Restructured Retail Service Providers,13.98,9.72,7.75,9.76,9.41
2009,RI,Restructured Retail Service Providers,16.05,12.93,11.73,0.0,12.6
2009,VA,Restructured Retail Service Providers,14.13,8.0,0.0,0.0,14.06
2009,WA,Restructured Retail Service Providers,0.0,5.08,4.41,0.0,4.42
2009,US,Restructured Retail Service Providers,16.98,12.54,8.85,11.36,11.48
2009,CA,Energy-Only Providers,8.37,7.74,7.63,6.64,7.68
2009,CT,Energy-Only Providers,11.17,10.27,10.95,8.65,10.49
2009,DC,Energy-Only Providers,12.26,9.34,7.14,10.26,9.33
2009,DE,Energy-Only Providers,11.63,9.44,8.22,0.0,8.97
2009,ID,Energy-Only Providers,0.0,0.0,0.0,0.0,0.0
2009,IL,Energy-Only Providers,7.63,6.67,6.21,7.22,6.4
2009,MA,Energy-Only Providers,11.78,9.79,9.85,5.26,9.93
2009,MD,Energy-Only Providers,12.17,9.51,8.92,9.28,9.5
2009,ME,Energy-Only Providers,9.03,8.42,7.99,0.0,8.55
2009,MI,Energy-Only Providers,6.28,7.26,5.97,0.0,6.73
2009,MT,Energy-Only Providers,5.4,4.59,4.61,0.0,4.61
2009,NH,Energy-Only Providers,10.62,10.26,9.22,0.0,9.72
2009,NJ,Energy-Only Providers,10.91,8.94,8.5,9.72,8.83
2009,NV,Energy-Only Providers,0.0,7.09,5.78,0.0,5.78
2009,NY,Energy-Only Providers,10.35,9.04,5.55,9.25,8.7
2009,OH,Energy-Only Providers,6.24,6.22,5.16,0.0,5.71
2009,OR,Energy-Only Providers,0.0,4.74,5.44,0.0,5.3
2009,PA,Energy-Only Providers,8.79,7.8,6.95,7.07,7.58
2009,RI,Energy-Only Providers,10.23,8.72,8.5,0.0,8.66
2009,VA,Energy-Only Providers,11.71,5.0,0.0,0.0,11.63
2009,WA,Energy-Only Providers,0.0,4.02,4.03,0.0,4.03
2009,US,Energy-Only Providers,9.72,8.6,6.94,8.67,8.08
2009,CA,Delivery-Only Service,7.01,4.6,2.97,0.77,3.87
2009,CT,Delivery-Only Service,8.95,6.25,4.86,3.3,6.23
2009,DC,Delivery-Only Service,2.95,3.48,1.24,2.87,3.39
2009,DE,Delivery-Only Service,4.17,1.0,0.42,0.0,0.82
2009,ID,Delivery-Only Service,0.0,0.0,0.0,0.0,0.0
2009,IL,Delivery-Only Service,3.61,1.7,0.97,1.19,1.27
2009,MA,Delivery-Only Service,6.78,4.89,4.42,0.95,4.76
2009,MD,Delivery-Only Service,3.61,2.21,1.16,1.22,2.06
2009,ME,Delivery-Only Service,6.59,4.18,2.02,0.0,4.56
2009,MI,Delivery-Only Service,5.2,2.09,1.1,0.0,1.68
2009,MT,Delivery-Only Service,3.57,2.21,0.48,0.0,0.58
2009,NH,Delivery-Only Service,8.49,5.79,4.19,0.0,5.02
2009,NJ,Delivery-Only Service,5.44,3.73,3.48,2.87,3.65
2009,NV,Delivery-Only Service,0.0,1.21,0.27,0.0,0.27
2009,NY,Delivery-Only Service,9.29,5.93,2.68,3.67,5.73
2009,OH,Delivery-Only Service,5.16,3.56,1.32,0.0,2.81
2009,OR,Delivery-Only Service,0.0,1.78,0.73,0.0,0.95
2009,PA,Delivery-Only Service,5.19,1.92,0.79,2.69,1.82
2009,RI,Delivery-Only Service,5.82,4.21,3.23,0.0,3.94
2009,VA,Delivery-Only Service,2.42,3.0,0.0,0.0,2.43
2009,WA,Delivery-Only Service,0.0,1.06,0.38,0.0,0.39
2009,US,Delivery-Only Service,7.27,3.95,1.9,2.69,3.41
2008,AK,Total Electric Industry,16.56,13.64,14.17,0.0,14.74
2008,AL,Total Electric Industry,10.4,9.87,6.11,0.0,8.59
2008,AR,Total Electric Industry,9.27,7.61,5.89,11.79,7.6
2008,AZ,Total Electric Industry,10.27,8.93,6.57,0.0,9.11
2008,CA,Total Electric Industry,13.81,12.54,10.09,8.16,12.49
2008,CO,Total Electric Industry,10.13,8.57,6.65,8.32,8.59
2008,CT,Total Electric Industry,19.54,17.12,14.93,15.44,17.8
2008,DC,Total Electric Industry,12.78,13.3,10.65,14.01,13.18
2008,DE,Total Electric Industry,13.93,12.1,10.49,0.0,12.38
2008,FL,Total Electric Industry,11.65,10.14,8.25,10.18,10.74
2008,GA,Total Electric Industry,9.93,9.07,6.67,7.15,8.84
2008,HI,Total Electric Industry,32.5,29.72,26.05,0.0,29.2
2008,IA,Total Electric Industry,9.49,7.18,4.81,0.0,6.89
2008,ID,Total Electric Industry,6.99,5.72,4.48,0.0,5.69
2008,IL,Total Electric Industry,11.07,9.25,7.34,7.53,9.23
2008,IN,Total Electric Industry,8.87,7.82,5.46,9.6,7.09
2008,KS,Total Electric Industry,8.89,7.44,5.69,0.0,7.45
2008,KY,Total Electric Industry,7.94,7.29,4.82,0.0,6.26
2008,LA,Total Electric Industry,10.28,10.12,7.94,11.88,9.44
2008,MA,Total Electric Industry,17.56,16.07,14.14,10.06,16.23
2008,MD,Total Electric Industry,13.84,12.77,10.38,11.77,13.01
2008,ME,Total Electric Industry,16.24,12.95,11.56,0.0,13.8
2008,MI,Total Electric Industry,10.75,9.17,6.73,11.83,8.93
2008,MN,Total Electric Industry,9.74,7.88,5.87,8.04,7.79
2008,MO,Total Electric Industry,8.0,6.61,4.92,5.4,6.84
2008,MS,Total Electric Industry,10.39,10.02,6.56,0.0,8.99
2008,MT,Total Electric Industry,9.13,8.54,5.91,0.0,7.72
2008,NC,Total Electric Industry,9.52,7.55,5.54,6.57,7.96
2008,ND,Total Electric Industry,7.52,6.81,5.59,0.0,6.69
2008,NE,Total Electric Industry,7.87,6.68,5.16,0.0,6.58
2008,NH,Total Electric Industry,15.68,14.3,13.13,0.0,14.63
2008,NJ,Total Electric Industry,15.66,14.03,12.54,13.23,14.43
2008,NM,Total Electric Industry,10.01,8.67,6.38,0.0,8.35
2008,NV,Total Electric Industry,11.93,10.07,7.98,9.47,9.89
2008,NY,Total Electric Industry,18.31,16.79,9.39,12.64,16.47
2008,OH,Total Electric Industry,10.06,9.23,6.2,10.68,8.39
2008,OK,Total Electric Industry,9.09,7.88,5.9,0.0,7.81
2008,OR,Total Electric Industry,8.49,7.29,5.26,6.75,7.24
2008,PA,Total Electric Industry,11.35,9.39,7.03,7.57,9.33
2008,RI,Total Electric Industry,17.45,15.4,14.23,0.0,16.04
2008,SC,Total Electric Industry,9.89,8.42,5.37,0.0,7.85
2008,SD,Total Electric Industry,8.27,6.97,5.31,0.0,7.14
2008,TN,Total Electric Industry,8.91,9.24,6.29,10.17,8.18
2008,TX,Total Electric Industry,13.03,10.75,8.79,8.64,10.99
2008,UT,Total Electric Industry,8.26,6.66,4.59,7.85,6.49
2008,VA,Total Electric Industry,9.62,7.32,5.82,7.8,8.0
2008,VT,Total Electric Industry,14.48,12.49,9.19,0.0,12.33
2008,WA,Total Electric Industry,7.54,6.77,4.52,5.82,6.55
2008,WI,Total Electric Industry,11.51,9.28,6.51,0.0,9.0
2008,WV,Total Electric Industry,7.06,6.08,4.2,6.32,5.61
2008,WY,Total Electric Industry,8.21,6.71,4.47,0.0,5.67
2008,US,Total Electric Industry,11.26,10.26,6.96,10.71,9.74
2008,AK,Full-Service Providers,16.56,13.64,14.17,0.0,14.74
2008,AL,Full-Service Providers,10.4,9.87,6.11,0.0,8.59
2008,AR,Full-Service Providers,9.27,7.61,5.89,11.79,7.6
2008,AZ,Full-Service Providers,10.27,8.93,6.57,0.0,9.11
2008,CA,Full-Service Providers,13.79,12.41,9.77,8.58,12.45
2008,CO,Full-Service Providers,10.13,8.57,6.65,8.32,8.59
2008,CT,Full-Service Providers,19.49,17.48,13.95,20.01,18.46
2008,DC,Full-Service Providers,12.74,15.02,0.0,0.0,13.9
2008,DE,Full-Service Providers,13.89,13.19,11.66,0.0,13.37
2008,FL,Full-Service Providers,11.65,10.14,8.25,10.18,10.74
2008,GA,Full-Service Providers,9.93,9.07,6.67,7.15,8.84
2008,HI,Full-Service Providers,32.5,29.72,26.05,0.0,29.2
2008,IA,Full-Service Providers,9.49,7.18,4.81,0.0,6.89
2008,ID,Full-Service Providers,6.99,5.72,4.48,0.0,5.69
2008,IL,Full-Service Providers,11.07,9.99,6.61,8.22,10.35
2008,IN,Full-Service Providers,8.87,7.82,5.46,9.6,7.09
2008,KS,Full-Service Providers,8.89,7.44,5.69,0.0,7.45
2008,KY,Full-Service Providers,7.94,7.29,4.82,0.0,6.26
2008,LA,Full-Service Providers,10.28,10.12,7.94,11.88,9.44
2008,MA,Full-Service Providers,17.4,16.88,13.71,0.0,16.75
2008,MD,Full-Service Providers,13.78,14.22,10.33,0.0,13.82
2008,ME,Full-Service Providers,15.2,12.53,10.87,0.0,13.56
2008,MI,Full-Service Providers,10.75,9.1,6.73,11.83,8.93
2008,MN,Full-Service Providers,9.74,7.88,5.87,8.04,7.79
2008,MO,Full-Service Providers,8.0,6.61,4.92,5.4,6.84
2008,MS,Full-Service Providers,10.39,10.02,6.56,0.0,8.99
2008,MT,Full-Service Providers,9.13,8.57,5.72,0.0,8.06
2008,NC,Full-Service Providers,9.52,7.55,5.54,6.57,7.96
2008,ND,Full-Service Providers,7.51,6.81,5.59,0.0,6.69
2008,NE,Full-Service Providers,7.87,6.68,5.16,0.0,6.58
2008,NH,Full-Service Providers,15.68,14.09,12.91,0.0,14.59
2008,NJ,Full-Service Providers,15.66,14.12,11.13,13.75,14.62
2008,NM,Full-Service Providers,10.01,8.67,6.38,0.0,8.35
2008,NV,Full-Service Providers,11.93,10.07,8.04,9.47,9.98
2008,NY,Full-Service Providers,17.98,17.95,10.55,20.51,17.46
2008,OH,Full-Service Providers,10.03,9.15,6.16,10.68,8.37
2008,OK,Full-Service Providers,9.09,7.88,5.9,0.0,7.81
2008,OR,Full-Service Providers,8.49,7.26,4.9,6.75,7.22
2008,PA,Full-Service Providers,11.29,9.28,7.0,7.53,9.32
2008,RI,Full-Service Providers,17.46,16.04,14.86,0.0,16.55
2008,SC,Full-Service Providers,9.89,8.42,5.37,0.0,7.85
2008,SD,Full-Service Providers,8.27,6.97,5.31,0.0,7.14
2008,TN,Full-Service Providers,8.91,9.24,6.29,10.17,8.18
2008,TX,Full-Service Providers,13.03,10.75,8.79,8.64,10.99
2008,UT,Full-Service Providers,8.26,6.66,4.59,7.85,6.49
2008,VA,Full-Service Providers,9.61,7.32,5.82,7.8,8.0
2008,VT,Full-Service Providers,14.48,12.49,9.19,0.0,12.33
2008,WA,Full-Service Providers,7.54,6.77,4.32,5.82,6.55
2008,WI,Full-Service Providers,11.51,9.28,6.51,0.0,9.0
2008,WV,Full-Service Providers,7.06,6.08,4.2,6.32,5.61
2008,WY,Full-Service Providers,8.21,6.71,4.47,0.0,5.67
2008,US,Full-Service Providers,11.18,9.83,6.72,9.91,9.55
2008,CA,Restructured Retail Service Providers,20.5,13.99,11.85,7.62,13.02
2008,CT,Restructured Retail Service Providers,20.22,16.85,15.4,14.35,16.71
2008,DC,Restructured Retail Service Providers,15.24,12.83,10.65,14.01,12.81
2008,DE,Restructured Retail Service Providers,15.9,10.79,9.82,0.0,10.44
2008,ID,Restructured Retail Service Providers,0.0,0.0,0.0,0.0,0.0
2008,IL,Restructured Retail Service Providers,11.52,8.44,7.46,7.5,7.84
2008,MA,Restructured Retail Service Providers,19.1,15.58,14.49,10.06,15.55
2008,MD,Restructured Retail Service Providers,15.8,12.09,10.39,11.77,11.89
2008,ME,Restructured Retail Service Providers,16.26,12.96,11.56,0.0,13.8
2008,MI,Restructured Retail Service Providers,10.71,10.67,6.65,0.0,9.08
2008,MT,Restructured Retail Service Providers,9.19,7.85,6.12,0.0,6.23
2008,NH,Restructured Retail Service Providers,14.73,16.31,13.96,0.0,15.1
2008,NJ,Restructured Retail Service Providers,15.98,13.8,13.52,13.11,13.69
2008,NV,Restructured Retail Service Providers,0.0,0.0,7.48,0.0,7.48
2008,NY,Restructured Retail Service Providers,20.89,15.95,8.65,11.67,15.17
2008,OH,Restructured Retail Service Providers,10.74,9.95,6.56,0.0,8.66
2008,OR,Restructured Retail Service Providers,0.0,7.9,7.52,0.0,7.63
2008,PA,Restructured Retail Service Providers,14.42,10.2,7.35,9.11,9.4
2008,RI,Restructured Retail Service Providers,16.46,12.76,12.98,0.0,12.86
2008,VA,Restructured Retail Service Providers,13.0,7.38,0.0,0.0,12.95
2008,WA,Restructured Retail Service Providers,0.0,6.94,6.44,0.0,6.46
2008,US,Restructured Retail Service Providers,17.51,13.3,9.14,11.11,12.05
2008,CA,Energy-Only Providers,13.68,9.16,8.66,7.0,8.95
2008,CT,Energy-Only Providers,11.91,11.2,11.31,11.9,11.29
2008,DC,Energy-Only Providers,12.39,9.5,9.5,11.26,9.58
2008,DE,Energy-Only Providers,11.96,9.81,9.41,0.0,9.66
2008,ID,Energy-Only Providers,0.0,0.0,0.0,0.0,0.0
2008,IL,Energy-Only Providers,8.52,6.96,6.63,6.54,6.75
2008,MA,Energy-Only Providers,12.08,10.77,10.75,9.37,10.85
2008,MD,Energy-Only Providers,12.3,9.98,9.41,10.57,9.95
2008,ME,Energy-Only Providers,9.7,8.89,9.72,0.0,9.42
2008,MI,Energy-Only Providers,5.27,8.57,5.67,0.0,7.43
2008,MT,Energy-Only Providers,5.48,5.6,5.59,0.0,5.59
2008,NH,Energy-Only Providers,8.76,12.79,10.55,0.0,11.65
2008,NJ,Energy-Only Providers,11.71,10.39,10.35,10.92,10.39
2008,NV,Energy-Only Providers,0.0,0.0,7.26,0.0,7.26
2008,NY,Energy-Only Providers,13.43,10.97,6.5,8.38,10.44
2008,OH,Energy-Only Providers,5.52,5.65,4.38,0.0,5.09
2008,OR,Energy-Only Providers,0.0,6.74,6.78,0.0,6.77
2008,PA,Energy-Only Providers,9.26,8.13,6.66,6.52,7.61
2008,RI,Energy-Only Providers,12.12,8.57,9.39,0.0,8.86
2008,VA,Energy-Only Providers,10.47,3.28,0.0,0.0,10.41
2008,WA,Energy-Only Providers,0.0,6.06,6.08,0.0,6.08
2008,US,Energy-Only Providers,10.94,9.63,7.53,8.77,8.96
2008,CA,Delivery-Only Service,6.82,4.83,3.19,0.62,4.07
2008,CT,Delivery-Only Service,8.31,5.65,4.09,2.44,5.41
2008,DC,Delivery-Only Service,2.85,3.33,1.16,2.76,3.23
2008,DE,Delivery-Only Service,3.94,0.98,0.41,0.0,0.77
2008,ID,Delivery-Only Service,0.0,0.0,0.0,0.0,0.0
2008,IL,Delivery-Only Service,3.0,1.49,0.83,0.97,1.08
2008,MA,Delivery-Only Service,7.02,4.81,3.74,0.69,4.7
2008,MD,Delivery-Only Service,3.5,2.12,0.99,1.2,1.93
2008,ME,Delivery-Only Service,6.55,4.07,1.84,0.0,4.38
2008,MI,Delivery-Only Service,5.43,2.1,0.98,0.0,1.66
2008,MT,Delivery-Only Service,3.7,2.25,0.53,0.0,0.63
2008,NH,Delivery-Only Service,5.97,3.51,3.4,0.0,3.46
2008,NJ,Delivery-Only Service,4.27,3.4,3.17,2.18,3.3
2008,NV,Delivery-Only Service,0.0,0.0,0.22,0.0,0.22
2008,NY,Delivery-Only Service,7.46,4.98,2.15,3.29,4.73
2008,OH,Delivery-Only Service,5.22,4.29,2.18,0.0,3.57
2008,OR,Delivery-Only Service,0.0,1.16,0.74,0.0,0.86
2008,PA,Delivery-Only Service,5.16,2.07,0.69,2.59,1.79
2008,RI,Delivery-Only Service,4.34,4.19,3.59,0.0,4.0
2008,VA,Delivery-Only Service,2.53,4.1,0.0,0.0,2.54
2008,WA,Delivery-Only Service,0.0,0.87,0.37,0.0,0.38
2008,US,Delivery-Only Service,6.58,3.67,1.61,2.35,3.1
2007,AK,Total Electric Industry,15.18,12.19,12.63,0.0,13.28
2007,AL,Total Electric Industry,9.32,8.7,5.27,0.0,7.57
2007,AR,Total Electric Industry,8.73,6.91,5.25,0.0,6.96
2007,AZ,Total Electric Industry,9.66,8.27,6.05,0.0,8.54
2007,CA,Total Electric Industry,14.42,12.82,9.98,8.37,12.8
2007,CO,Total Electric Industry,9.25,7.62,5.97,7.18,7.76
2007,CT,Total Electric Industry,19.11,15.39,12.92,14.18,16.45
2007,DC,Total Electric Industry,11.18,12.01,9.32,11.32,11.79
2007,DE,Total Electric Industry,13.16,11.21,8.93,0.0,11.35
2007,FL,Total Electric Industry,11.22,9.75,7.76,9.73,10.33
2007,GA,Total Electric Industry,9.1,8.07,5.53,6.42,7.86
2007,HI,Total Electric Industry,24.12,21.91,18.38,0.0,21.29
2007,IA,Total Electric Industry,9.45,7.11,4.74,0.0,6.83
2007,ID,Total Electric Industry,6.36,5.14,3.87,0.0,5.07
2007,IL,Total Electric Industry,10.12,8.57,6.61,6.43,8.46
2007,IN,Total Electric Industry,8.26,7.29,4.89,10.09,6.5
2007,KS,Total Electric Industry,8.19,6.83,5.13,0.0,6.84
2007,KY,Total Electric Industry,7.34,6.76,4.47,0.0,5.84
2007,LA,Total Electric Industry,9.37,9.13,6.77,13.91,8.39
2007,MA,Total Electric Industry,16.23,15.2,13.03,9.24,15.16
2007,MD,Total Electric Industry,11.89,11.58,9.41,10.15,11.5
2007,ME,Total Electric Industry,16.52,12.94,14.11,0.0,14.59
2007,MI,Total Electric Industry,10.21,8.77,6.47,9.76,8.53
2007,MN,Total Electric Industry,9.18,7.48,5.69,8.27,7.44
2007,MO,Total Electric Industry,7.69,6.34,4.76,6.16,6.56
2007,MS,Total Electric Industry,9.36,8.92,5.75,0.0,8.03
2007,MT,Total Electric Industry,8.77,8.1,5.16,0.0,7.13
2007,NC,Total Electric Industry,9.4,7.43,5.47,9.09,7.83
2007,ND,Total Electric Industry,7.3,6.58,5.24,0.0,6.42
2007,NE,Total Electric Industry,7.59,6.39,4.78,0.0,6.28
2007,NH,Total Electric Industry,14.88,13.91,12.27,0.0,13.98
2007,NJ,Total Electric Industry,14.14,12.99,10.08,11.14,13.01
2007,NM,Total Electric Industry,9.12,7.66,5.6,0.0,7.44
2007,NV,Total Electric Industry,11.82,10.09,8.28,9.98,9.99
2007,NY,Total Electric Industry,17.1,15.92,8.71,10.96,15.22
2007,OH,Total Electric Industry,9.57,8.67,5.76,9.98,7.91
2007,OK,Total Electric Industry,8.58,7.33,5.41,0.0,7.29
2007,OR,Total Electric Industry,8.19,7.2,5.06,6.71,7.02
2007,PA,Total Electric Industry,10.95,9.2,6.87,7.72,9.08
2007,RI,Total Electric Industry,14.05,12.67,12.04,0.0,13.12
2007,SC,Total Electric Industry,9.19,7.74,4.83,0.0,7.18
2007,SD,Total Electric Industry,8.07,6.61,5.09,0.0,6.89
2007,TN,Total Electric Industry,7.84,8.09,5.19,10.31,7.07
2007,TX,Total Electric Industry,12.34,9.87,7.79,8.4,10.11
2007,UT,Total Electric Industry,8.15,6.54,4.52,7.44,6.41
2007,VA,Total Electric Industry,8.74,6.38,5.07,6.73,7.12
2007,VT,Total Electric Industry,14.15,12.29,8.92,0.0,12.04
2007,WA,Total Electric Industry,7.26,6.55,4.57,5.74,6.37
2007,WI,Total Electric Industry,10.87,8.71,6.16,0.0,8.48
2007,WV,Total Electric Industry,6.73,5.85,3.95,6.42,5.34
2007,WY,Total Electric Industry,7.75,6.25,4.1,0.0,5.29
2007,US,Total Electric Industry,10.65,9.65,6.39,9.7,9.13
2007,AK,Full-Service Providers,15.18,12.19,12.63,0.0,13.28
2007,AL,Full-Service Providers,9.32,8.7,5.27,0.0,7.57
2007,AR,Full-Service Providers,8.73,6.91,5.25,0.0,6.96
2007,AZ,Full-Service Providers,9.66,8.27,6.05,0.0,8.54
2007,CA,Full-Service Providers,14.41,12.82,9.88,8.28,12.89
2007,CO,Full-Service Providers,9.25,7.62,5.97,7.18,7.76
2007,CT,Full-Service Providers,19.45,15.47,11.12,14.79,17.06
2007,DC,Full-Service Providers,11.16,13.72,0.0,0.0,12.53
2007,DE,Full-Service Providers,13.18,12.61,9.91,0.0,12.51
2007,FL,Full-Service Providers,11.22,9.75,7.76,9.73,10.33
2007,GA,Full-Service Providers,9.1,8.07,5.53,6.42,7.86
2007,HI,Full-Service Providers,24.12,21.91,18.38,0.0,21.29
2007,IA,Full-Service Providers,9.45,7.11,4.74,0.0,6.83
2007,ID,Full-Service Providers,6.36,5.14,3.87,0.0,5.07
2007,IL,Full-Service Providers,10.12,9.41,6.46,5.04,9.57
2007,IN,Full-Service Providers,8.26,7.29,4.89,10.09,6.5
2007,KS,Full-Service Providers,8.19,6.83,5.13,0.0,6.84
2007,KY,Full-Service Providers,7.34,6.76,4.47,0.0,5.84
2007,LA,Full-Service Providers,9.37,9.13,6.77,13.91,8.39
2007,MA,Full-Service Providers,16.11,15.71,11.61,9.9,15.43
2007,MD,Full-Service Providers,11.87,12.78,9.82,0.0,12.06
2007,ME,Full-Service Providers,13.07,11.86,10.63,0.0,12.21
2007,MI,Full-Service Providers,10.21,8.73,6.57,9.76,8.58
2007,MN,Full-Service Providers,9.18,7.48,5.69,8.27,7.44
2007,MO,Full-Service Providers,7.69,6.34,4.76,6.16,6.56
2007,MS,Full-Service Providers,9.36,8.92,5.75,0.0,8.03
2007,MT,Full-Service Providers,8.77,8.18,5.24,0.0,7.56
2007,NC,Full-Service Providers,9.4,7.43,5.47,9.09,7.83
2007,ND,Full-Service Providers,7.3,6.58,5.24,0.0,6.42
2007,NE,Full-Service Providers,7.59,6.39,4.78,0.0,6.28
2007,NH,Full-Service Providers,14.88,14.03,11.92,0.0,14.09
2007,NJ,Full-Service Providers,14.14,13.22,8.46,6.51,13.19
2007,NM,Full-Service Providers,9.12,7.66,5.6,0.0,7.44
2007,NV,Full-Service Providers,11.82,10.09,8.42,9.98,10.1
2007,NY,Full-Service Providers,17.01,16.54,9.33,13.59,16.16
2007,OH,Full-Service Providers,9.54,8.59,5.73,9.98,7.89
2007,OK,Full-Service Providers,8.58,7.33,5.41,0.0,7.29
2007,OR,Full-Service Providers,8.19,7.18,4.83,6.71,7.02
2007,PA,Full-Service Providers,10.9,9.18,6.9,7.68,9.12
2007,RI,Full-Service Providers,14.04,12.73,11.73,0.0,13.21
2007,SC,Full-Service Providers,9.19,7.74,4.83,0.0,7.18
2007,SD,Full-Service Providers,8.07,6.61,5.09,0.0,6.89
2007,TN,Full-Service Providers,7.84,8.09,5.19,10.31,7.07
2007,TX,Full-Service Providers,12.34,9.87,7.79,8.4,10.11
2007,UT,Full-Service Providers,8.15,6.54,4.52,7.44,6.41
2007,VA,Full-Service Providers,8.74,6.38,5.07,6.73,7.12
2007,VT,Full-Service Providers,14.15,12.29,8.92,0.0,12.04
2007,WA,Full-Service Providers,7.26,6.55,4.38,5.74,6.37
2007,WI,Full-Service Providers,10.87,8.71,6.16,0.0,8.48
2007,WV,Full-Service Providers,6.73,5.85,3.95,6.42,5.34
2007,WY,Full-Service Providers,7.75,6.25,4.1,0.0,5.29
2007,US,Full-Service Providers,10.59,9.29,6.17,8.82,8.98
2007,CA,Restructured Retail Service Providers,19.92,12.78,10.5,8.49,11.79
2007,CT,Restructured Retail Service Providers,15.4,15.25,14.35,13.25,14.98
2007,DC,Restructured Retail Service Providers,13.41,11.49,9.32,11.32,11.41
2007,DE,Restructured Retail Service Providers,12.25,9.74,8.3,0.0,9.1
2007,IL,Restructured Retail Service Providers,0.0,7.48,6.63,6.5,6.94
2007,MA,Restructured Retail Service Providers,17.44,14.86,14.07,9.14,14.79
2007,MD,Restructured Retail Service Providers,12.75,10.99,9.34,10.15,10.72
2007,ME,Restructured Retail Service Providers,16.59,12.95,14.14,0.0,14.63
2007,MI,Restructured Retail Service Providers,0.0,9.56,5.17,0.0,7.14
2007,MT,Restructured Retail Service Providers,7.14,5.82,5.04,0.0,5.08
2007,NH,Restructured Retail Service Providers,16.07,13.34,13.12,0.0,13.24
2007,NJ,Restructured Retail Service Providers,0.0,12.36,12.1,11.51,12.27
2007,NV,Restructured Retail Service Providers,0.0,0.0,6.93,0.0,6.93
2007,NY,Restructured Retail Service Providers,17.87,15.4,8.36,10.7,13.91
2007,OH,Restructured Retail Service Providers,10.33,9.39,6.08,0.0,8.17
2007,OR,Restructured Retail Service Providers,0.0,7.66,6.66,0.0,6.92
2007,PA,Restructured Retail Service Providers,13.55,9.37,6.57,9.95,8.52
2007,RI,Restructured Retail Service Providers,20.88,12.43,12.67,0.0,12.54
2007,VA,Restructured Retail Service Providers,12.46,9.6,0.0,0.0,10.7
2007,WA,Restructured Retail Service Providers,0.0,5.17,6.1,0.0,6.1
2007,US,Restructured Retail Service Providers,15.8,12.35,8.37,10.11,11.03
2007,CA,Energy-Only Providers,12.59,8.05,7.41,7.95,7.82
2007,CT,Energy-Only Providers,11.42,10.36,10.93,10.75,10.65
2007,DC,Energy-Only Providers,10.15,8.5,8.32,8.7,8.51
2007,DE,Energy-Only Providers,10.92,8.79,7.94,0.0,8.42
2007,IL,Energy-Only Providers,0.0,6.07,5.85,5.58,5.93
2007,MA,Energy-Only Providers,10.67,10.32,10.65,8.48,10.4
2007,MD,Energy-Only Providers,10.52,8.96,8.36,8.97,8.89
2007,ME,Energy-Only Providers,9.55,8.24,12.13,0.0,9.79
2007,MI,Energy-Only Providers,0.0,7.23,4.43,0.0,5.68
2007,MT,Energy-Only Providers,3.57,3.69,4.5,0.0,4.45
2007,NH,Energy-Only Providers,9.82,9.52,9.73,0.0,9.62
2007,NJ,Energy-Only Providers,0.0,8.93,8.91,9.35,8.93
2007,NV,Energy-Only Providers,0.0,0.0,6.73,0.0,6.73
2007,NY,Energy-Only Providers,11.43,10.15,6.77,8.44,9.47
2007,OH,Energy-Only Providers,5.31,5.11,4.08,0.0,4.71
2007,OR,Energy-Only Providers,0.0,6.53,5.97,0.0,6.12
2007,PA,Energy-Only Providers,8.39,7.17,5.87,7.22,6.71
2007,RI,Energy-Only Providers,8.74,8.41,9.32,0.0,8.72
2007,VA,Energy-Only Providers,9.92,8.97,0.0,0.0,9.34
2007,WA,Energy-Only Providers,0.0,4.27,5.67,0.0,5.67
2007,US,Energy-Only Providers,9.8,8.71,6.87,8.28,8.09
2007,CA,Delivery-Only Service,7.33,4.73,3.09,0.54,3.97
2007,CT,Delivery-Only Service,3.99,4.9,3.41,2.49,4.33
2007,DC,Delivery-Only Service,3.26,2.99,1.0,2.62,2.9
2007,DE,Delivery-Only Service,1.33,0.95,0.36,0.0,0.68
2007,IL,Delivery-Only Service,0.0,1.41,0.79,0.92,1.02
2007,MA,Delivery-Only Service,6.77,4.54,3.43,0.66,4.4
2007,MD,Delivery-Only Service,2.24,2.03,0.98,1.18,1.82
2007,ME,Delivery-Only Service,7.04,4.71,2.02,0.0,4.83
2007,MI,Delivery-Only Service,0.0,2.34,0.75,0.0,1.46
2007,MT,Delivery-Only Service,3.57,2.13,0.53,0.0,0.63
2007,NH,Delivery-Only Service,6.25,3.82,3.39,0.0,3.62
2007,NJ,Delivery-Only Service,0.0,3.43,3.19,2.16,3.34
2007,NV,Delivery-Only Service,0.0,0.0,0.2,0.0,0.2
2007,NY,Delivery-Only Service,6.45,5.25,1.58,2.26,4.44
2007,OH,Delivery-Only Service,5.02,4.29,2.0,0.0,3.46
2007,OR,Delivery-Only Service,0.0,1.13,0.68,0.0,0.8
2007,PA,Delivery-Only Service,5.15,2.2,0.71,2.72,1.81
2007,RI,Delivery-Only Service,12.14,4.02,3.36,0.0,3.82
2007,VA,Delivery-Only Service,2.53,0.63,0.0,0.0,1.36
2007,WA,Delivery-Only Service,0.0,0.9,0.42,0.0,0.42
2007,US,Delivery-Only Service,6.0,3.63,1.5,1.84,2.95
2006,AK,Total Electric Industry,14.83,11.93,11.54,0.0,12.84
2006,AL,Total Electric Industry,8.75,8.18,4.9,0.0,7.07
2006,AR,Total Electric Industry,8.85,6.96,5.24,0.0,6.99
2006,AZ,Total Electric Industry,9.4,8.02,5.69,0.0,8.24
2006,CA,Total Electric Industry,14.33,12.9,10.09,6.29,12.82
2006,CO,Total Electric Industry,9.02,7.5,5.88,7.78,7.61
2006,CT,Total Electric Industry,16.86,14.03,11.71,14.55,14.83
2006,DC,Total Electric Industry,9.88,11.17,17.43,10.68,11.08
2006,DE,Total Electric Industry,11.85,10.21,7.67,0.0,10.13
2006,FL,Total Electric Industry,11.33,9.91,7.71,10.32,10.45
2006,GA,Total Electric Industry,8.91,7.81,5.38,6.12,7.63
2006,HI,Total Electric Industry,23.35,21.42,17.96,0.0,20.72
2006,IA,Total Electric Industry,9.63,7.29,4.92,7.05,7.01
2006,ID,Total Electric Industry,6.21,5.16,3.61,0.0,4.92
2006,IL,Total Electric Industry,8.42,7.95,4.69,5.59,7.07
2006,IN,Total Electric Industry,8.22,7.21,4.95,9.66,6.46
2006,KS,Total Electric Industry,8.25,6.96,5.2,0.0,6.89
2006,KY,Total Electric Industry,7.02,6.44,4.05,0.0,5.43
2006,LA,Total Electric Industry,9.14,9.03,6.87,14.1,8.3
2006,MA,Total Electric Industry,16.6,15.54,13.04,10.68,15.45
2006,MD,Total Electric Industry,9.71,10.56,8.14,8.43,9.95
2006,ME,Total Electric Industry,13.8,12.42,8.83,0.0,11.8
2006,MI,Total Electric Industry,9.77,8.51,6.05,10.06,8.14
2006,MN,Total Electric Industry,8.7,7.02,5.29,7.95,6.98
2006,MO,Total Electric Industry,7.44,6.08,4.58,5.75,6.3
2006,MS,Total Electric Industry,9.66,9.37,5.94,0.0,8.33
2006,MT,Total Electric Industry,8.28,7.44,5.12,0.0,6.91
2006,NC,Total Electric Industry,9.12,7.17,5.23,3.23,7.53
2006,ND,Total Electric Industry,7.14,6.3,5.0,0.0,6.21
2006,NE,Total Electric Industry,7.41,6.19,4.56,0.0,6.07
2006,NH,Total Electric Industry,14.68,14.07,11.62,0.0,13.84
2006,NJ,Total Electric Industry,12.84,11.62,10.42,9.7,11.88
2006,NM,Total Electric Industry,9.06,7.61,5.57,0.0,7.37
2006,NV,Total Electric Industry,11.08,10.12,8.03,9.89,9.63
2006,NY,Total Electric Industry,16.89,15.51,9.39,11.94,15.27
2006,OH,Total Electric Industry,9.34,8.44,5.61,10.13,7.71
2006,OK,Total Electric Industry,8.55,7.34,5.46,0.0,7.3
2006,OR,Total Electric Industry,7.48,6.77,4.85,6.4,6.53
2006,PA,Total Electric Industry,10.35,8.94,6.63,7.45,8.68
2006,RI,Total Electric Industry,15.12,13.51,12.51,0.0,13.98
2006,SC,Total Electric Industry,9.03,7.6,4.71,0.0,6.98
2006,SD,Total Electric Industry,7.83,6.47,4.84,0.0,6.7
2006,TN,Total Electric Industry,7.75,8.0,5.17,11.18,6.97
2006,TX,Total Electric Industry,12.86,9.85,7.82,8.42,10.34
2006,UT,Total Electric Industry,7.59,6.15,4.21,7.19,5.99
2006,VA,Total Electric Industry,8.49,6.21,4.69,6.81,6.86
2006,VT,Total Electric Industry,13.39,11.67,8.33,0.0,11.37
2006,WA,Total Electric Industry,6.82,6.63,4.44,5.93,6.14
2006,WI,Total Electric Industry,10.51,8.37,5.85,0.0,8.13
2006,WV,Total Electric Industry,6.35,5.59,3.71,5.86,5.04
2006,WY,Total Electric Industry,7.75,6.28,4.04,0.0,5.27
2006,US,Total Electric Industry,10.4,9.46,6.16,9.54,8.9
2006,AK,Full-Service Providers,14.83,11.93,11.54,0.0,12.84
2006,AL,Full-Service Providers,8.75,8.18,4.9,0.0,7.07
2006,AR,Full-Service Providers,8.85,6.96,5.24,0.0,6.99
2006,AZ,Full-Service Providers,9.4,8.02,5.69,0.0,8.24
2006,CA,Full-Service Providers,14.32,12.93,9.95,7.66,12.92
2006,CO,Full-Service Providers,9.02,7.5,5.88,7.78,7.61
2006,CT,Full-Service Providers,16.85,14.02,11.7,14.55,14.85
2006,DC,Full-Service Providers,9.86,12.23,0.95,2.45,12.13
2006,DE,Full-Service Providers,11.85,10.35,7.47,0.0,10.52
2006,FL,Full-Service Providers,11.33,9.91,7.71,10.32,10.45
2006,GA,Full-Service Providers,8.91,7.81,5.38,6.12,7.63
2006,HI,Full-Service Providers,23.35,21.42,17.96,0.0,20.72
2006,IA,Full-Service Providers,9.63,7.29,4.92,7.05,7.01
2006,ID,Full-Service Providers,6.21,5.16,3.61,0.0,4.92
2006,IL,Full-Service Providers,8.42,8.59,4.46,5.59,7.38
2006,IN,Full-Service Providers,8.22,7.21,4.95,9.66,6.46
2006,KS,Full-Service Providers,8.25,6.96,5.2,0.0,6.89
2006,KY,Full-Service Providers,7.02,6.44,4.05,0.0,5.43
2006,LA,Full-Service Providers,9.14,9.03,6.87,14.1,8.3
2006,MA,Full-Service Providers,16.4,16.78,12.55,11.21,16.06
2006,MD,Full-Service Providers,9.69,11.25,8.85,0.0,10.18
2006,ME,Full-Service Providers,13.36,13.27,5.94,0.0,7.03
2006,MI,Full-Service Providers,9.77,8.42,6.13,10.06,8.17
2006,MN,Full-Service Providers,8.7,7.02,5.29,7.95,6.98
2006,MO,Full-Service Providers,7.44,6.08,4.58,5.75,6.3
2006,MS,Full-Service Providers,9.66,9.37,5.94,0.0,8.33
2006,MT,Full-Service Providers,8.28,7.45,6.08,0.0,7.57
2006,NC,Full-Service Providers,9.12,7.17,5.23,3.23,7.53
2006,ND,Full-Service Providers,7.14,6.3,5.0,0.0,6.21
2006,NE,Full-Service Providers,7.41,6.19,4.56,0.0,6.07
2006,NH,Full-Service Providers,14.68,14.37,11.28,0.0,13.96
2006,NJ,Full-Service Providers,12.84,11.65,9.54,10.18,12.03
2006,NM,Full-Service Providers,9.06,7.61,5.57,0.0,7.37
2006,NV,Full-Service Providers,11.08,10.12,8.19,9.89,9.75
2006,NY,Full-Service Providers,16.91,16.3,9.62,14.48,16.08
2006,OH,Full-Service Providers,9.31,8.32,5.56,10.13,7.68
2006,OK,Full-Service Providers,8.55,7.34,5.46,0.0,7.3
2006,OR,Full-Service Providers,7.48,6.73,4.7,6.4,6.5
2006,PA,Full-Service Providers,10.31,8.94,6.67,7.47,8.7
2006,RI,Full-Service Providers,15.12,13.76,12.75,0.0,14.24
2006,SC,Full-Service Providers,9.03,7.6,4.71,0.0,6.98
2006,SD,Full-Service Providers,7.83,6.47,4.84,0.0,6.7
2006,TN,Full-Service Providers,7.75,8.0,5.17,11.18,6.97
2006,TX,Full-Service Providers,12.86,9.85,7.82,8.42,10.34
2006,UT,Full-Service Providers,7.59,6.15,4.21,7.19,5.99
2006,VA,Full-Service Providers,8.49,6.21,4.69,6.81,6.86
2006,VT,Full-Service Providers,13.39,11.67,8.33,0.0,11.37
2006,WA,Full-Service Providers,6.82,6.64,4.26,5.93,6.14
2006,WI,Full-Service Providers,10.51,8.37,5.85,0.0,8.13
2006,WV,Full-Service Providers,6.35,5.59,3.71,5.86,5.04
2006,WY,Full-Service Providers,7.75,6.28,4.04,0.0,5.27
2006,US,Full-Service Providers,10.36,9.18,6.0,8.44,8.77
2006,CA,Restructured Retail Service Providers,18.35,12.58,10.7,4.37,11.68
2006,CT,Restructured Retail Service Providers,16.99,14.08,11.83,0.0,14.43
2006,DC,Restructured Retail Service Providers,10.57,10.11,8.29,10.03,9.93
2006,DE,Restructured Retail Service Providers,13.22,9.8,7.9,0.0,8.73
2006,IL,Restructured Retail Service Providers,0.0,6.15,5.23,0.0,5.69
2006,MA,Restructured Retail Service Providers,19.25,14.45,13.42,10.59,14.43
2006,MD,Restructured Retail Service Providers,11.0,9.96,7.94,8.43,9.5
2006,ME,Restructured Retail Service Providers,13.81,12.42,9.49,0.0,12.15
2006,MI,Restructured Retail Service Providers,10.11,9.64,5.12,0.0,7.46
2006,MT,Restructured Retail Service Providers,0.0,5.38,4.55,0.0,4.55
2006,NH,Restructured Retail Service Providers,0.0,12.39,13.3,0.0,12.69
2006,NJ,Restructured Retail Service Providers,15.66,11.51,11.03,9.68,11.27
2006,NV,Restructured Retail Service Providers,0.0,0.0,6.38,0.0,6.38
2006,NY,Restructured Retail Service Providers,16.65,14.83,9.2,11.64,13.99
2006,OH,Restructured Retail Service Providers,10.11,9.4,6.02,0.0,8.09
2006,OR,Restructured Retail Service Providers,0.0,7.71,8.17,0.0,7.95
2006,PA,Restructured Retail Service Providers,12.59,8.98,6.23,6.61,8.23
2006,RI,Restructured Retail Service Providers,13.88,12.43,11.92,0.0,12.26
2006,VA,Restructured Retail Service Providers,12.12,10.44,0.0,0.0,11.1
2006,WA,Restructured Retail Service Providers,0.0,5.07,6.2,0.0,6.16
2006,US,Restructured Retail Service Providers,14.43,11.99,8.21,10.32,10.87
2006,CA,Energy-Only Providers,10.57,7.66,7.17,3.82,7.41
2006,CT,Energy-Only Providers,10.71,8.95,8.7,0.0,9.39
2006,DC,Energy-Only Providers,8.23,7.22,7.34,7.58,7.26
2006,DE,Energy-Only Providers,10.64,8.45,7.59,0.0,7.97
2006,IL,Energy-Only Providers,0.0,4.6,4.35,0.0,4.47
2006,MA,Energy-Only Providers,11.67,9.76,9.85,9.81,9.91
2006,MD,Energy-Only Providers,8.55,8.12,6.99,7.18,7.86
2006,ME,Energy-Only Providers,6.82,7.71,7.5,0.0,7.32
2006,MI,Energy-Only Providers,5.42,7.0,4.07,0.0,5.58
2006,MT,Energy-Only Providers,0.0,3.31,4.02,0.0,4.02
2006,NH,Energy-Only Providers,0.0,8.66,9.73,0.0,9.02
2006,NJ,Energy-Only Providers,8.2,7.77,7.55,7.24,7.67
2006,NV,Energy-Only Providers,0.0,0.0,6.15,0.0,6.15
2006,NY,Energy-Only Providers,10.29,10.37,6.81,9.09,9.79
2006,OH,Energy-Only Providers,5.04,4.87,3.91,0.0,4.49
2006,OR,Energy-Only Providers,0.0,6.88,7.61,0.0,7.26
2006,PA,Energy-Only Providers,8.27,7.2,5.68,5.4,6.7
2006,RI,Energy-Only Providers,8.21,8.15,8.36,0.0,8.22
2006,VA,Energy-Only Providers,9.6,9.81,0.0,0.0,9.73
2006,WA,Energy-Only Providers,0.0,4.14,5.66,0.0,5.62
2006,US,Energy-Only Providers,8.23,8.36,6.25,8.24,7.66
2006,CA,Delivery-Only Service,7.79,4.92,3.54,0.55,4.27
2006,CT,Delivery-Only Service,6.28,5.14,3.14,0.0,5.04
2006,DC,Delivery-Only Service,2.35,2.89,0.95,2.45,2.67
2006,DE,Delivery-Only Service,2.58,1.35,0.31,0.0,0.77
2006,IL,Delivery-Only Service,0.0,1.54,0.88,0.0,1.21
2006,MA,Delivery-Only Service,7.58,4.69,3.57,0.78,4.52
2006,MD,Delivery-Only Service,2.45,1.84,0.95,1.25,1.64
2006,ME,Delivery-Only Service,6.99,4.71,1.99,0.0,4.82
2006,MI,Delivery-Only Service,4.69,2.65,1.05,0.0,1.87
2006,MT,Delivery-Only Service,0.0,2.07,0.53,0.0,0.53
2006,NH,Delivery-Only Service,0.0,3.73,3.56,0.0,3.67
2006,NJ,Delivery-Only Service,7.47,3.74,3.49,2.44,3.61
2006,NV,Delivery-Only Service,0.0,0.0,0.22,0.0,0.22
2006,NY,Delivery-Only Service,6.37,4.47,2.38,2.55,4.2
2006,OH,Delivery-Only Service,5.07,4.53,2.11,0.0,3.6
2006,OR,Delivery-Only Service,0.0,0.82,0.56,0.0,0.69
2006,PA,Delivery-Only Service,4.32,1.78,0.55,1.21,1.54
2006,RI,Delivery-Only Service,5.67,4.28,3.57,0.0,4.04
2006,VA,Delivery-Only Service,2.52,0.64,0.0,0.0,1.37
2006,WA,Delivery-Only Service,0.0,0.93,0.54,0.0,0.55
2006,US,Delivery-Only Service,6.19,3.63,1.96,2.08,3.21
2005,AK,Total Electric Industry,13.3,11.56,9.29,0.0,11.72
2005,AL,Total Electric Industry,8.0,7.5,4.52,0.0,6.46
2005,AR,Total Electric Industry,8.0,6.18,4.74,0.0,6.3
2005,AZ,Total Electric Industry,8.86,7.4,5.85,0.0,7.79
2005,CA,Total Electric Industry,12.51,11.92,9.55,6.55,11.63
2005,CO,Total Electric Industry,9.06,7.62,5.74,5.01,7.64
2005,CT,Total Electric Industry,13.64,11.53,9.4,8.78,12.06
2005,DC,Total Electric Industry,9.1,9.13,14.13,7.37,9.18
2005,DE,Total Electric Industry,9.01,7.6,6.21,0.0,7.76
2005,FL,Total Electric Industry,9.62,8.16,6.46,8.03,8.76
2005,GA,Total Electric Industry,8.64,7.67,5.28,5.9,7.43
2005,HI,Total Electric Industry,20.7,19.04,15.79,0.0,18.33
2005,IA,Total Electric Industry,9.27,6.95,4.56,0.0,6.69
2005,ID,Total Electric Industry,6.29,5.42,3.91,0.0,5.12
2005,IL,Total Electric Industry,8.34,7.75,4.61,5.61,6.95
2005,IN,Total Electric Industry,7.5,6.57,4.42,9.14,5.88
2005,KS,Total Electric Industry,7.9,6.6,4.85,0.0,6.55
2005,KY,Total Electric Industry,6.57,6.01,3.6,0.0,5.01
2005,LA,Total Electric Industry,8.87,8.56,6.71,7.63,8.03
2005,MA,Total Electric Industry,13.44,12.42,9.22,4.8,12.18
2005,MD,Total Electric Industry,8.46,8.97,7.01,7.73,8.13
2005,ME,Total Electric Industry,13.23,10.63,7.28,0.0,10.57
2005,MI,Total Electric Industry,8.4,7.84,5.32,13.07,7.23
2005,MN,Total Electric Industry,8.28,6.59,5.02,6.21,6.61
2005,MO,Total Electric Industry,7.08,5.92,4.54,4.77,6.13
2005,MS,Total Electric Industry,8.71,8.48,5.37,0.0,7.54
2005,MT,Total Electric Industry,8.1,7.43,4.83,0.0,6.72
2005,NC,Total Electric Industry,8.65,6.86,5.04,8.33,7.19
2005,ND,Total Electric Industry,6.99,6.11,4.32,0.0,5.92
2005,NE,Total Electric Industry,7.14,5.98,4.43,0.0,5.87
2005,NH,Total Electric Industry,13.51,12.06,11.48,0.0,12.53
2005,NJ,Total Electric Industry,11.74,10.61,9.76,7.65,10.89
2005,NM,Total Electric Industry,9.13,7.81,5.61,0.0,7.51
2005,NV,Total Electric Industry,10.2,9.48,7.71,9.34,9.02
2005,NY,Total Electric Industry,15.72,14.36,8.23,11.39,13.95
2005,OH,Total Electric Industry,8.51,7.93,5.1,9.03,7.08
2005,OK,Total Electric Industry,7.95,7.0,5.11,0.0,6.85
2005,OR,Total Electric Industry,7.25,6.51,4.83,6.36,6.34
2005,PA,Total Electric Industry,9.86,8.5,6.29,7.22,8.27
2005,RI,Total Electric Industry,13.04,11.71,10.01,0.0,11.97
2005,SC,Total Electric Industry,8.67,7.39,4.55,0.0,6.72
2005,SD,Total Electric Industry,7.77,6.2,4.95,0.0,6.6
2005,TN,Total Electric Industry,6.98,7.17,4.73,11.46,6.31
2005,TX,Total Electric Industry,10.93,8.85,7.14,8.45,9.14
2005,UT,Total Electric Industry,7.52,6.07,4.24,7.2,5.92
2005,VA,Total Electric Industry,8.16,6.05,4.46,6.81,6.64
2005,VT,Total Electric Industry,12.96,11.33,7.77,0.0,10.95
2005,WA,Total Electric Industry,6.54,6.33,4.27,6.44,5.87
2005,WI,Total Electric Industry,9.66,7.67,5.39,0.0,7.48
2005,WV,Total Electric Industry,6.21,5.53,3.85,6.08,5.15
2005,WY,Total Electric Industry,7.48,6.17,3.99,0.0,5.16
2005,US,Total Electric Industry,9.45,8.67,5.73,8.57,8.14
2005,AK,Full-Service Providers,13.3,11.56,9.29,0.0,11.72
2005,AL,Full-Service Providers,8.0,7.5,4.52,0.0,6.46
2005,AR,Full-Service Providers,8.0,6.18,4.74,0.0,6.3
2005,AZ,Full-Service Providers,8.86,7.4,5.85,0.0,7.79
2005,CA,Full-Service Providers,12.49,11.97,9.39,8.11,11.71
2005,CO,Full-Service Providers,9.06,7.62,5.74,5.01,7.64
2005,CT,Full-Service Providers,13.64,11.52,9.42,8.78,12.06
2005,DC,Full-Service Providers,9.09,9.21,1.15,2.54,9.51
2005,DE,Full-Service Providers,9.01,7.6,6.46,0.0,7.94
2005,FL,Full-Service Providers,9.62,8.16,6.46,8.03,8.76
2005,GA,Full-Service Providers,8.64,7.67,5.28,5.9,7.43
2005,HI,Full-Service Providers,20.7,19.04,15.79,0.0,18.33
2005,IA,Full-Service Providers,9.27,6.95,4.56,0.0,6.69
2005,ID,Full-Service Providers,6.29,5.42,3.91,0.0,5.12
2005,IL,Full-Service Providers,8.34,8.41,4.6,5.61,7.37
2005,IN,Full-Service Providers,7.5,6.57,4.42,9.14,5.88
2005,KS,Full-Service Providers,7.9,6.6,4.85,0.0,6.55
2005,KY,Full-Service Providers,6.57,6.01,3.6,0.0,5.01
2005,LA,Full-Service Providers,8.87,8.56,6.71,7.63,8.03
2005,MA,Full-Service Providers,13.25,13.1,9.0,4.05,12.44
2005,MD,Full-Service Providers,8.44,9.19,6.72,0.0,8.31
2005,ME,Full-Service Providers,9.2,8.33,4.8,0.0,6.19
2005,MI,Full-Service Providers,8.4,7.87,5.33,13.07,7.3
2005,MN,Full-Service Providers,8.28,6.59,5.02,6.21,6.61
2005,MO,Full-Service Providers,7.08,5.92,4.54,4.77,6.13
2005,MS,Full-Service Providers,8.71,8.48,5.37,0.0,7.54
2005,MT,Full-Service Providers,8.1,7.43,5.44,0.0,7.33
2005,NC,Full-Service Providers,8.65,6.86,5.04,8.33,7.19
2005,ND,Full-Service Providers,6.99,6.11,4.32,0.0,5.92
2005,NE,Full-Service Providers,7.14,5.98,4.43,0.0,5.87
2005,NH,Full-Service Providers,13.51,12.06,11.61,0.0,12.56
2005,NJ,Full-Service Providers,11.74,10.54,8.81,3.31,10.95
2005,NM,Full-Service Providers,9.13,7.81,5.61,0.0,7.51
2005,NV,Full-Service Providers,10.2,9.48,7.72,9.34,9.03
2005,NY,Full-Service Providers,15.86,15.38,9.8,13.47,15.18
2005,OH,Full-Service Providers,8.19,7.54,4.94,9.03,6.78
2005,OK,Full-Service Providers,7.95,7.0,5.11,0.0,6.85
2005,OR,Full-Service Providers,7.25,6.49,4.63,6.36,6.32
2005,PA,Full-Service Providers,9.81,8.5,6.31,7.22,8.29
2005,RI,Full-Service Providers,13.04,11.88,10.0,0.0,12.12
2005,SC,Full-Service Providers,8.67,7.39,4.55,0.0,6.72
2005,SD,Full-Service Providers,7.77,6.2,4.95,0.0,6.6
2005,TN,Full-Service Providers,6.98,7.17,4.73,11.46,6.31
2005,TX,Full-Service Providers,10.93,8.85,7.14,8.45,9.14
2005,UT,Full-Service Providers,7.52,6.07,4.24,7.2,5.92
2005,VA,Full-Service Providers,8.16,6.05,4.46,6.81,6.64
2005,VT,Full-Service Providers,12.96,11.33,7.77,0.0,10.95
2005,WA,Full-Service Providers,6.54,6.33,4.13,6.44,5.87
2005,WI,Full-Service Providers,9.66,7.67,5.39,0.0,7.48
2005,WV,Full-Service Providers,6.21,5.53,3.85,6.08,5.15
2005,WY,Full-Service Providers,7.48,6.17,3.99,0.0,5.16
2005,US,Full-Service Providers,9.4,8.46,5.61,7.45,8.05
2005,CA,Restructured Retail Service Providers,16.93,11.45,10.15,4.45,10.82
2005,CT,Restructured Retail Service Providers,13.65,11.59,8.17,0.0,12.24
2005,DC,Restructured Retail Service Providers,9.5,9.08,8.0,7.82,8.96
2005,DE,Restructured Retail Service Providers,0.0,7.51,5.59,0.0,5.59
2005,IL,Restructured Retail Service Providers,0.0,5.87,4.63,0.0,5.2
2005,MA,Restructured Retail Service Providers,15.49,11.48,9.77,5.15,11.52
2005,MD,Restructured Retail Service Providers,9.43,8.5,7.23,7.73,7.68
2005,ME,Restructured Retail Service Providers,13.31,10.65,7.45,0.0,10.71
2005,MI,Restructured Retail Service Providers,9.66,7.71,5.26,0.0,6.69
2005,MT,Restructured Retail Service Providers,0.0,5.33,4.42,0.0,4.42
2005,NH,Restructured Retail Service Providers,0.0,11.85,8.79,0.0,9.3
2005,NJ,Restructured Retail Service Providers,12.19,10.84,10.43,10.04,10.66
2005,NV,Restructured Retail Service Providers,0.0,0.0,7.19,0.0,7.19
2005,NY,Restructured Retail Service Providers,13.63,13.34,7.33,11.15,11.91
2005,OH,Restructured Retail Service Providers,10.43,9.32,6.02,0.0,8.55
2005,OR,Restructured Retail Service Providers,0.0,6.95,6.92,0.0,6.93
2005,PA,Restructured Retail Service Providers,11.85,8.5,6.08,7.26,8.03
2005,RI,Restructured Retail Service Providers,0.0,10.99,10.04,0.0,10.78
2005,VA,Restructured Retail Service Providers,10.03,11.56,0.0,0.0,10.04
2005,WA,Restructured Retail Service Providers,0.0,4.92,5.64,0.0,5.62
2005,US,Restructured Retail Service Providers,12.26,10.6,7.08,9.47,9.39
2005,CA,Energy-Only Providers,9.52,6.83,6.68,3.95,6.75
2005,CT,Energy-Only Providers,7.44,6.57,5.46,0.0,6.87
2005,DC,Energy-Only Providers,7.02,6.13,6.87,5.28,6.16
2005,DE,Energy-Only Providers,0.0,5.53,5.4,0.0,5.4
2005,IL,Energy-Only Providers,0.0,4.21,3.74,0.0,3.95
2005,MA,Energy-Only Providers,7.54,6.9,6.36,4.41,6.84
2005,MD,Energy-Only Providers,6.26,6.39,6.07,6.54,6.18
2005,ME,Energy-Only Providers,6.46,6.07,5.55,0.0,6.06
2005,MI,Energy-Only Providers,6.44,5.78,4.37,0.0,5.19
2005,MT,Energy-Only Providers,0.0,3.31,3.94,0.0,3.94
2005,NH,Energy-Only Providers,0.0,9.56,6.08,0.0,6.66
2005,NJ,Energy-Only Providers,7.93,7.14,6.98,7.06,7.07
2005,NV,Energy-Only Providers,0.0,0.0,6.68,0.0,6.68
2005,NY,Energy-Only Providers,9.12,9.73,5.83,8.66,8.78
2005,OH,Energy-Only Providers,5.07,4.69,3.53,0.0,4.42
2005,OR,Energy-Only Providers,0.0,5.64,6.16,0.0,6.02
2005,PA,Energy-Only Providers,7.02,6.41,5.2,6.05,6.04
2005,RI,Energy-Only Providers,0.0,6.44,6.28,0.0,6.41
2005,VA,Energy-Only Providers,7.55,7.48,0.0,0.0,7.55
2005,WA,Energy-Only Providers,0.0,4.03,5.21,0.0,5.17
2005,US,Energy-Only Providers,6.54,7.15,5.31,7.4,6.41
2005,CA,Delivery-Only Service,7.42,4.62,3.48,0.5,4.07
2005,CT,Delivery-Only Service,6.22,5.02,2.71,0.0,5.37
2005,DC,Delivery-Only Service,2.48,2.95,1.12,2.54,2.8
2005,DE,Delivery-Only Service,0.0,1.98,0.19,0.0,0.19
2005,IL,Delivery-Only Service,0.0,1.66,0.89,0.0,1.25
2005,MA,Delivery-Only Service,7.94,4.58,3.41,0.74,4.68
2005,MD,Delivery-Only Service,3.17,2.12,1.16,1.19,1.5
2005,ME,Delivery-Only Service,6.85,4.58,1.9,0.0,4.64
2005,MI,Delivery-Only Service,3.22,1.93,0.89,0.0,1.49
2005,MT,Delivery-Only Service,0.0,2.02,0.48,0.0,0.48
2005,NH,Delivery-Only Service,0.0,2.29,2.71,0.0,2.64
2005,NJ,Delivery-Only Service,4.26,3.71,3.45,2.98,3.59
2005,NV,Delivery-Only Service,0.0,0.0,0.51,0.0,0.51
2005,NY,Delivery-Only Service,4.51,3.6,1.49,2.49,3.13
2005,OH,Delivery-Only Service,5.36,4.63,2.49,0.0,4.13
2005,OR,Delivery-Only Service,0.0,1.31,0.76,0.0,0.9
2005,PA,Delivery-Only Service,4.82,2.1,0.88,1.21,1.99
2005,RI,Delivery-Only Service,0.0,4.55,3.75,0.0,4.37
2005,VA,Delivery-Only Service,2.48,4.08,0.0,0.0,2.49
2005,WA,Delivery-Only Service,0.0,0.89,0.43,0.0,0.44
2005,US,Delivery-Only Service,5.72,3.45,1.77,2.07,2.98
2004,AK,Total Electric Industry,12.44,10.99,8.33,0.0,10.99
2004,AL,Total Electric Industry,7.62,7.12,4.15,0.0,6.08
2004,AR,Total Electric Industry,7.36,5.64,4.16,0.0,5.67
2004,AZ,Total Electric Industry,8.46,7.28,5.35,0.0,7.45
2004,CA,Total Electric Industry,12.2,11.64,9.27,6.42,11.35
2004,CO,Total Electric Industry,8.42,6.89,5.11,5.81,6.95
2004,CT,Total Electric Industry,11.63,9.9,7.89,7.25,10.26
2004,DC,Total Electric Industry,8.0,7.45,4.74,7.37,7.47
2004,DE,Total Electric Industry,8.78,7.44,6.06,0.0,7.53
2004,FL,Total Electric Industry,8.99,7.61,5.84,7.45,8.16
2004,GA,Total Electric Industry,7.86,6.88,4.43,5.12,6.58
2004,HI,Total Electric Industry,18.06,16.19,13.35,0.0,15.7
2004,IA,Total Electric Industry,8.96,6.75,4.33,0.0,6.4
2004,ID,Total Electric Industry,6.1,5.37,3.82,0.0,4.97
2004,IL,Total Electric Industry,8.37,7.54,4.65,5.7,6.8
2004,IN,Total Electric Industry,7.3,6.31,4.13,8.76,5.58
2004,KS,Total Electric Industry,7.74,6.45,4.69,0.0,6.37
2004,KY,Total Electric Industry,6.11,5.6,3.34,0.0,4.63
2004,LA,Total Electric Industry,8.05,7.58,5.82,7.09,7.13
2004,MA,Total Electric Industry,11.75,10.99,8.48,4.65,10.77
2004,MD,Total Electric Industry,7.8,7.56,5.99,6.46,7.15
2004,ME,Total Electric Industry,12.16,9.89,6.56,0.0,9.69
2004,MI,Total Electric Industry,8.33,7.57,4.92,7.89,6.94
2004,MN,Total Electric Industry,7.92,6.31,4.63,6.75,6.24
2004,MO,Total Electric Industry,6.97,5.8,4.62,4.91,6.07
2004,MS,Total Electric Industry,8.21,7.99,4.83,0.0,7.0
2004,MT,Total Electric Industry,7.86,7.42,4.15,0.0,6.4
2004,NC,Total Electric Industry,8.45,6.7,4.88,0.0,6.97
2004,ND,Total Electric Industry,6.79,5.86,4.13,0.0,5.69
2004,NE,Total Electric Industry,6.96,5.84,4.28,0.0,5.7
2004,NH,Total Electric Industry,12.49,10.99,10.01,0.0,11.37
2004,NJ,Total Electric Industry,11.23,9.96,9.03,10.94,10.29
2004,NM,Total Electric Industry,8.67,7.39,5.22,0.0,7.1
2004,NV,Total Electric Industry,9.69,9.08,7.24,0.0,8.56
2004,NY,Total Electric Industry,14.54,12.98,7.04,7.92,12.55
2004,OH,Total Electric Industry,8.45,7.75,4.89,9.21,6.89
2004,OK,Total Electric Industry,7.72,6.55,4.76,0.0,6.5
2004,OR,Total Electric Industry,7.18,6.45,4.43,6.5,6.21
2004,PA,Total Electric Industry,9.58,8.51,5.87,7.32,8.0
2004,RI,Total Electric Industry,12.19,10.53,9.37,0.0,10.96
2004,SC,Total Electric Industry,8.12,6.91,4.13,0.0,6.22
2004,SD,Total Electric Industry,7.65,6.18,4.59,0.0,6.44
2004,TN,Total Electric Industry,6.9,7.05,4.46,11.75,6.14
2004,TX,Total Electric Industry,9.73,7.9,5.87,7.02,7.95
2004,UT,Total Electric Industry,7.21,5.9,4.01,6.57,5.69
2004,VA,Total Electric Industry,7.99,5.88,4.27,6.25,6.43
2004,VT,Total Electric Industry,12.94,11.42,7.96,0.0,11.02
2004,WA,Total Electric Industry,6.37,6.17,4.28,6.44,5.8
2004,WI,Total Electric Industry,9.07,7.24,4.93,0.0,6.88
2004,WV,Total Electric Industry,6.23,5.46,3.83,5.7,5.13
2004,WY,Total Electric Industry,7.21,5.98,3.91,0.0,4.98
2004,US,Total Electric Industry,8.95,8.17,5.25,7.18,7.61
2004,AK,Full-Service Providers,12.44,10.99,8.33,0.0,10.99
2004,AL,Full-Service Providers,7.62,7.12,4.15,0.0,6.08
2004,AR,Full-Service Providers,7.36,5.64,4.16,0.0,5.67
2004,AZ,Full-Service Providers,8.46,7.28,5.35,0.0,7.45
2004,CA,Full-Service Providers,12.2,11.81,9.33,8.03,11.53
2004,CO,Full-Service Providers,8.42,6.89,5.11,5.81,6.95
2004,CT,Full-Service Providers,11.63,9.9,7.9,7.25,10.27
2004,DC,Full-Service Providers,7.97,7.4,4.63,0.0,7.46
2004,DE,Full-Service Providers,8.78,7.44,5.82,0.0,7.61
2004,FL,Full-Service Providers,8.99,7.61,5.84,7.45,8.16
2004,GA,Full-Service Providers,7.86,6.88,4.43,5.12,6.58
2004,HI,Full-Service Providers,18.06,16.19,13.35,0.0,15.7
2004,IA,Full-Service Providers,8.96,6.75,4.33,0.0,6.4
2004,ID,Full-Service Providers,6.1,5.37,3.84,0.0,4.98
2004,IL,Full-Service Providers,8.37,8.03,4.57,5.7,7.16
2004,IN,Full-Service Providers,7.3,6.31,4.13,8.76,5.58
2004,KS,Full-Service Providers,7.74,6.45,4.69,0.0,6.37
2004,KY,Full-Service Providers,6.11,5.6,3.34,0.0,4.63
2004,LA,Full-Service Providers,8.05,7.58,5.82,7.09,7.13
2004,MA,Full-Service Providers,11.72,11.57,8.47,3.86,11.1
2004,MD,Full-Service Providers,7.78,7.62,5.6,7.42,7.23
2004,ME,Full-Service Providers,8.41,5.79,4.85,0.0,5.84
2004,MI,Full-Service Providers,8.33,7.66,4.86,7.89,7.03
2004,MN,Full-Service Providers,7.92,6.31,4.63,6.75,6.24
2004,MO,Full-Service Providers,6.97,5.8,4.62,4.91,6.07
2004,MS,Full-Service Providers,8.21,7.99,4.83,0.0,7.0
2004,MT,Full-Service Providers,7.86,7.57,4.54,0.0,7.04
2004,NC,Full-Service Providers,8.45,6.7,4.88,0.0,6.97
2004,ND,Full-Service Providers,6.79,5.86,4.13,0.0,5.69
2004,NE,Full-Service Providers,6.96,5.84,4.28,0.0,5.7
2004,NH,Full-Service Providers,12.49,11.02,10.1,0.0,11.41
2004,NJ,Full-Service Providers,11.25,10.2,9.0,25.28,10.62
2004,NM,Full-Service Providers,8.67,7.39,5.22,0.0,7.1
2004,NV,Full-Service Providers,9.69,9.08,7.24,0.0,8.56
2004,NY,Full-Service Providers,14.6,13.49,8.28,11.75,13.54
2004,OH,Full-Service Providers,8.14,7.34,4.72,9.21,6.6
2004,OK,Full-Service Providers,7.72,6.55,4.76,0.0,6.5
2004,OR,Full-Service Providers,7.18,6.49,4.41,6.5,6.22
2004,PA,Full-Service Providers,9.38,8.56,5.88,7.26,7.91
2004,RI,Full-Service Providers,12.19,10.69,9.8,0.0,11.21
2004,SC,Full-Service Providers,8.12,6.91,4.13,0.0,6.22
2004,SD,Full-Service Providers,7.65,6.18,4.59,0.0,6.44
2004,TN,Full-Service Providers,6.9,7.05,4.46,11.75,6.14
2004,TX,Full-Service Providers,9.73,7.9,5.87,7.02,7.95
2004,UT,Full-Service Providers,7.21,5.9,4.01,6.57,5.69
2004,VA,Full-Service Providers,7.99,5.88,4.27,6.25,6.43
2004,VT,Full-Service Providers,12.94,11.42,7.96,0.0,11.02
2004,WA,Full-Service Providers,6.37,6.17,4.28,6.44,5.8
2004,WI,Full-Service Providers,9.07,7.24,4.93,0.0,6.88
2004,WV,Full-Service Providers,6.23,5.46,3.83,5.7,5.13
2004,WY,Full-Service Providers,7.21,5.98,3.91,0.0,4.98
2004,US,Full-Service Providers,8.91,8.02,5.14,7.47,7.55
2004,CA,Restructured Retail Service Providers,12.55,10.21,9.08,4.09,9.62
2004,CT,Restructured Retail Service Providers,11.56,9.69,7.45,0.0,9.89
2004,DC,Restructured Retail Service Providers,8.28,7.55,4.87,7.37,7.48
2004,DE,Restructured Retail Service Providers,0.0,7.14,6.62,0.0,6.62
2004,ID,Restructured Retail Service Providers,0.0,0.0,0.01,0.0,0.01
2004,IL,Restructured Retail Service Providers,0.0,5.96,4.81,0.0,5.29
2004,MA,Restructured Retail Service Providers,13.12,9.91,8.52,5.03,9.61
2004,MD,Restructured Retail Service Providers,8.75,7.32,6.55,6.41,6.87
2004,ME,Restructured Retail Service Providers,12.23,10.21,6.66,0.0,9.88
2004,MI,Restructured Retail Service Providers,9.62,7.22,5.22,0.0,6.35
2004,MT,Restructured Retail Service Providers,0.0,6.05,3.81,0.0,4.15
2004,NH,Restructured Retail Service Providers,0.0,8.41,7.33,0.0,7.7
2004,NJ,Restructured Retail Service Providers,10.31,9.33,9.05,9.11,9.24
2004,NV,Restructured Retail Service Providers,0.0,0.0,2.34,0.0,2.34
2004,NY,Restructured Retail Service Providers,13.44,12.3,6.15,7.42,10.6
2004,OH,Restructured Retail Service Providers,10.29,9.06,5.72,0.0,8.2
2004,OR,Restructured Retail Service Providers,0.0,5.53,5.28,0.0,5.48
2004,PA,Restructured Retail Service Providers,12.61,8.27,5.81,9.05,8.97
2004,RI,Restructured Retail Service Providers,10.15,9.46,8.2,0.0,8.93
2004,VA,Restructured Retail Service Providers,10.76,15.11,0.0,0.0,10.78
2004,WA,Restructured Retail Service Providers,0.0,1600.0,4.64,0.0,4.64
2004,US,Restructured Retail Service Providers,11.51,9.61,6.5,6.95,8.55
2004,CA,Energy-Only Providers,6.88,5.9,5.95,3.59,5.9
2004,CT,Energy-Only Providers,6.22,5.24,4.63,0.0,5.46
2004,DC,Energy-Only Providers,5.67,4.54,3.64,4.8,4.59
2004,DE,Energy-Only Providers,0.0,5.1,6.43,0.0,6.43
2004,IL,Energy-Only Providers,0.0,4.15,3.7,0.0,3.89
2004,MA,Energy-Only Providers,5.88,5.63,5.27,4.35,5.53
2004,MD,Energy-Only Providers,5.59,4.93,5.45,5.26,5.31
2004,ME,Energy-Only Providers,5.01,5.43,4.83,0.0,5.1
2004,MI,Energy-Only Providers,6.49,5.42,4.24,0.0,4.91
2004,MT,Energy-Only Providers,0.0,4.16,3.35,0.0,3.47
2004,NH,Energy-Only Providers,0.0,6.17,5.0,0.0,5.4
2004,NJ,Energy-Only Providers,5.79,5.58,5.54,6.84,5.59
2004,NY,Energy-Only Providers,7.32,8.2,4.51,5.04,7.09
2004,OH,Energy-Only Providers,4.74,4.41,3.24,0.0,4.08
2004,OR,Energy-Only Providers,0.0,4.43,4.42,0.0,4.43
2004,PA,Energy-Only Providers,6.18,5.58,4.65,5.88,5.58
2004,RI,Energy-Only Providers,5.38,5.38,5.31,0.0,5.35
2004,VA,Energy-Only Providers,6.44,6.47,0.0,0.0,6.44
2004,WA,Energy-Only Providers,0.0,1600.0,4.27,0.0,4.28
2004,US,Energy-Only Providers,5.5,6.02,4.6,4.99,5.42
2004,CA,Delivery-Only Service,5.66,4.31,3.14,0.5,3.72
2004,CT,Delivery-Only Service,5.34,4.45,2.82,0.0,4.42
2004,DC,Delivery-Only Service,2.61,3.01,1.23,2.57,2.89
2004,DE,Delivery-Only Service,0.0,2.04,0.19,0.0,0.19
2004,ID,Delivery-Only Service,0.0,0.0,0.01,0.0,0.01
2004,IL,Delivery-Only Service,0.0,1.81,1.11,0.0,1.4
2004,MA,Delivery-Only Service,7.24,4.28,3.25,0.67,4.08
2004,MD,Delivery-Only Service,3.16,2.4,1.1,1.15,1.57
2004,ME,Delivery-Only Service,7.22,4.78,1.83,0.0,4.78
2004,MI,Delivery-Only Service,3.13,1.8,0.98,0.0,1.44
2004,MT,Delivery-Only Service,0.0,1.89,0.46,0.0,0.68
2004,NH,Delivery-Only Service,0.0,2.24,2.33,0.0,2.3
2004,NJ,Delivery-Only Service,4.52,3.75,3.51,2.26,3.65
2004,NV,Delivery-Only Service,0.0,0.0,2.34,0.0,2.34
2004,NY,Delivery-Only Service,6.12,4.1,1.64,2.38,3.51
2004,OH,Delivery-Only Service,5.55,4.65,2.47,0.0,4.12
2004,OR,Delivery-Only Service,0.0,1.1,0.86,0.0,1.05
2004,PA,Delivery-Only Service,6.44,2.69,1.17,3.18,3.38
2004,RI,Delivery-Only Service,4.77,4.08,2.89,0.0,3.57
2004,VA,Delivery-Only Service,4.32,8.63,0.0,0.0,4.35
2004,WA,Delivery-Only Service,0.0,0.0,0.37,0.0,0.37
2004,US,Delivery-Only Service,6.0,3.59,1.9,1.96,3.13
2003,AK,Total Electric Industry,11.98,10.49,7.86,0.0,10.5
2003,AL,Total Electric Industry,7.39,6.85,3.98,0.0,5.88
2003,AR,Total Electric Industry,7.24,5.54,4.04,0.0,5.57
2003,AZ,Total Electric Industry,8.35,7.09,5.37,0.0,7.34
2003,CA,Total Electric Industry,12.23,12.48,9.59,5.8,11.78
2003,CO,Total Electric Industry,8.14,6.6,5.1,7.32,6.77
2003,CT,Total Electric Industry,11.31,9.93,7.99,7.72,10.16
2003,DC,Total Electric Industry,7.84,7.35,5.57,7.64,7.4
2003,DE,Total Electric Industry,8.59,7.31,5.15,0.0,6.96
2003,FL,Total Electric Industry,8.55,7.13,5.41,7.21,7.72
2003,GA,Total Electric Industry,7.7,6.66,4.02,4.81,6.32
2003,HI,Total Electric Industry,16.73,15.02,12.2,0.0,14.47
2003,IA,Total Electric Industry,8.57,6.24,4.16,0.0,6.11
2003,ID,Total Electric Industry,6.24,5.56,4.16,0.0,5.22
2003,IL,Total Electric Industry,8.38,7.3,4.86,5.87,6.86
2003,IN,Total Electric Industry,7.04,6.12,3.92,8.36,5.37
2003,KS,Total Electric Industry,7.71,6.42,4.61,0.0,6.35
2003,KY,Total Electric Industry,5.81,5.37,3.21,0.0,4.42
2003,LA,Total Electric Industry,7.84,7.42,5.57,7.32,6.93
2003,MA,Total Electric Industry,11.6,10.48,8.93,4.09,10.56
2003,MD,Total Electric Industry,7.73,6.95,4.89,5.78,6.45
2003,ME,Total Electric Industry,12.37,10.34,6.35,0.0,9.79
2003,MI,Total Electric Industry,8.35,7.55,4.96,8.21,6.85
2003,MN,Total Electric Industry,7.65,6.12,4.36,0.0,6.01
2003,MO,Total Electric Industry,6.96,5.78,4.49,0.0,6.02
2003,MS,Total Electric Industry,7.6,7.25,4.48,0.0,6.46
2003,MT,Total Electric Industry,7.56,6.85,4.03,0.0,6.14
2003,NC,Total Electric Industry,8.32,6.65,4.79,0.0,6.86
2003,ND,Total Electric Industry,6.49,5.64,3.96,0.0,5.47
2003,NE,Total Electric Industry,6.87,5.81,4.18,0.0,5.64
2003,NH,Total Electric Industry,11.98,10.3,9.75,0.0,10.83
2003,NJ,Total Electric Industry,10.67,9.11,7.99,7.15,9.48
2003,NM,Total Electric Industry,8.69,7.36,4.95,0.0,7.0
2003,NV,Total Electric Industry,9.02,8.79,7.3,0.0,8.29
2003,NY,Total Electric Industry,14.31,12.93,7.14,9.38,12.44
2003,OH,Total Electric Industry,8.26,7.55,4.79,6.17,6.73
2003,OK,Total Electric Industry,7.47,6.38,4.59,0.0,6.35
2003,OR,Total Electric Industry,7.06,6.38,4.63,6.68,6.18
2003,PA,Total Electric Industry,9.59,8.62,5.8,7.78,8.02
2003,RI,Total Electric Industry,11.61,10.09,8.88,0.0,10.47
2003,SC,Total Electric Industry,8.01,6.81,4.0,0.0,6.08
2003,SD,Total Electric Industry,7.47,6.04,4.51,0.0,6.35
2003,TN,Total Electric Industry,6.55,6.68,4.29,0.0,5.84
2003,TX,Total Electric Industry,9.16,7.84,5.27,6.62,7.5
2003,UT,Total Electric Industry,6.9,5.59,3.79,6.01,5.41
2003,VA,Total Electric Industry,7.76,5.74,4.23,5.46,6.27
2003,VT,Total Electric Industry,12.82,11.29,8.05,0.0,10.98
2003,WA,Total Electric Industry,6.31,6.07,4.76,6.45,5.86
2003,WI,Total Electric Industry,8.67,6.97,4.71,0.0,6.64
2003,WV,Total Electric Industry,6.24,5.45,3.81,0.0,5.13
2003,WY,Total Electric Industry,7.04,5.74,3.65,0.0,4.76
2003,US,Total Electric Industry,8.72,8.03,5.11,7.54,7.44
2003,AK,Full-Service Providers,11.98,10.49,7.86,0.0,10.5
2003,AL,Full-Service Providers,7.39,6.85,3.98,0.0,5.88
2003,AR,Full-Service Providers,7.24,5.54,4.04,0.0,5.57
2003,AZ,Full-Service Providers,8.35,7.09,5.37,0.0,7.34
2003,CA,Full-Service Providers,12.23,12.83,9.79,7.38,12.05
2003,CO,Full-Service Providers,8.14,6.6,5.1,7.32,6.77
2003,CT,Full-Service Providers,11.34,9.93,8.01,7.72,10.18
2003,DC,Full-Service Providers,7.85,7.52,5.86,0.0,7.58
2003,DE,Full-Service Providers,8.59,7.32,5.61,0.0,7.43
2003,FL,Full-Service Providers,8.55,7.13,5.41,7.21,7.72
2003,GA,Full-Service Providers,7.7,6.66,4.02,4.81,6.32
2003,HI,Full-Service Providers,16.73,15.02,12.2,0.0,14.47
2003,IA,Full-Service Providers,8.57,6.24,4.16,0.0,6.11
2003,ID,Full-Service Providers,6.24,5.56,4.16,0.0,5.22
2003,IL,Full-Service Providers,8.38,7.35,4.74,5.87,7.07
2003,IN,Full-Service Providers,7.04,6.12,3.92,8.36,5.37
2003,KS,Full-Service Providers,7.71,6.42,4.61,0.0,6.35
2003,KY,Full-Service Providers,5.81,5.37,3.21,0.0,4.42
2003,LA,Full-Service Providers,7.84,7.42,5.57,7.32,6.93
2003,MA,Full-Service Providers,11.55,10.78,9.26,4.09,10.82
2003,MD,Full-Service Providers,7.72,7.1,4.4,5.31,6.46
2003,ME,Full-Service Providers,8.66,7.45,4.03,0.0,4.7
2003,MI,Full-Service Providers,8.35,7.59,4.98,8.21,7.04
2003,MN,Full-Service Providers,7.65,6.12,4.36,0.0,6.01
2003,MO,Full-Service Providers,6.96,5.78,4.49,0.0,6.02
2003,MS,Full-Service Providers,7.6,7.25,4.48,0.0,6.46
2003,MT,Full-Service Providers,7.56,6.99,4.29,0.0,6.65
2003,NC,Full-Service Providers,8.32,6.65,4.79,0.0,6.86
2003,ND,Full-Service Providers,6.49,5.64,3.96,0.0,5.47
2003,NE,Full-Service Providers,6.87,5.81,4.18,0.0,5.64
2003,NH,Full-Service Providers,11.98,10.31,9.91,0.0,10.88
2003,NJ,Full-Service Providers,10.68,9.13,7.77,7.15,9.56
2003,NM,Full-Service Providers,8.69,7.36,4.95,0.0,7.0
2003,NV,Full-Service Providers,9.02,8.79,7.3,0.0,8.29
2003,NY,Full-Service Providers,14.28,13.17,8.79,9.96,13.21
2003,OH,Full-Service Providers,7.95,7.16,4.63,6.17,6.45
2003,OK,Full-Service Providers,7.47,6.38,4.59,0.0,6.35
2003,OR,Full-Service Providers,7.06,6.38,4.63,6.68,6.18
2003,PA,Full-Service Providers,9.5,8.7,5.81,7.64,7.99
2003,RI,Full-Service Providers,11.61,10.19,9.14,0.0,10.64
2003,SC,Full-Service Providers,8.01,6.81,4.0,0.0,6.08
2003,SD,Full-Service Providers,7.47,6.04,4.51,0.0,6.35
2003,TN,Full-Service Providers,6.55,6.68,4.29,0.0,5.84
2003,TX,Full-Service Providers,9.16,7.84,5.27,6.62,7.5
2003,UT,Full-Service Providers,6.9,5.59,3.79,6.01,5.41
2003,VA,Full-Service Providers,7.76,5.74,4.23,5.46,6.27
2003,VT,Full-Service Providers,12.82,11.29,8.05,0.0,10.98
2003,WA,Full-Service Providers,6.31,6.06,4.25,6.45,5.78
2003,WI,Full-Service Providers,8.67,6.97,4.71,0.0,6.64
2003,WV,Full-Service Providers,6.24,5.45,3.81,0.0,5.13
2003,WY,Full-Service Providers,7.04,5.74,3.65,0.0,4.76
2003,US,Full-Service Providers,8.68,7.89,5.01,6.82,7.38
2003,CA,Restructured Retail Service Providers,12.84,9.66,8.9,3.94,9.27
2003,CT,Restructured Retail Service Providers,10.38,9.71,7.33,0.0,9.44
2003,DC,Restructured Retail Service Providers,7.79,7.2,5.43,7.64,7.19
2003,DE,Restructured Retail Service Providers,0.0,4.66,4.62,0.0,4.62
2003,IL,Restructured Retail Service Providers,0.0,7.0,5.11,0.0,5.75
2003,MA,Restructured Retail Service Providers,13.91,9.56,8.14,0.0,9.31
2003,MD,Restructured Retail Service Providers,7.87,6.33,6.28,5.88,6.4
2003,ME,Restructured Retail Service Providers,12.44,10.37,6.83,0.0,10.14
2003,MI,Restructured Retail Service Providers,0.0,5.96,4.91,0.0,5.0
2003,MT,Restructured Retail Service Providers,4.95,5.47,3.77,0.0,4.06
2003,NH,Restructured Retail Service Providers,0.0,7.35,6.97,0.0,6.99
2003,NJ,Restructured Retail Service Providers,10.48,8.82,8.5,0.0,8.75
2003,NY,Restructured Retail Service Providers,14.81,12.52,5.68,9.31,10.67
2003,OH,Restructured Retail Service Providers,10.31,8.97,5.65,0.0,8.17
2003,PA,Restructured Retail Service Providers,11.47,8.23,5.7,9.42,8.32
2003,RI,Restructured Retail Service Providers,0.0,9.36,8.02,0.0,8.78
2003,VA,Restructured Retail Service Providers,9.85,0.0,0.0,0.0,9.85
2003,WA,Restructured Retail Service Providers,0.0,9.48,9.03,0.0,9.04
2003,US,Restructured Retail Service Providers,11.54,9.82,6.26,8.23,8.44
2003,CA,Energy-Only Providers,7.41,5.76,6.18,3.47,5.94
2003,CT,Energy-Only Providers,5.2,5.05,4.23,0.0,4.91
2003,DC,Energy-Only Providers,5.19,4.21,4.33,5.08,4.31
2003,DE,Energy-Only Providers,0.0,4.02,4.41,0.0,4.41
2003,IL,Energy-Only Providers,0.0,4.7,3.67,0.0,4.02
2003,MA,Energy-Only Providers,6.19,5.16,4.8,0.0,5.09
2003,MD,Energy-Only Providers,4.74,4.21,4.67,4.62,4.55
2003,ME,Energy-Only Providers,5.01,5.33,4.49,0.0,4.98
2003,MI,Energy-Only Providers,0.0,5.18,4.43,0.0,4.5
2003,MT,Energy-Only Providers,2.3,3.66,3.48,0.0,3.51
2003,NH,Energy-Only Providers,0.0,4.95,4.52,0.0,4.55
2003,NJ,Energy-Only Providers,5.9,5.35,5.14,0.0,5.27
2003,NY,Energy-Only Providers,7.98,8.22,3.99,6.93,7.02
2003,OH,Energy-Only Providers,4.48,4.28,3.01,0.0,3.89
2003,PA,Energy-Only Providers,5.97,5.45,4.51,6.84,5.37
2003,RI,Energy-Only Providers,0.0,4.89,4.81,0.0,4.86
2003,VA,Energy-Only Providers,5.5,0.0,0.0,0.0,5.5
2003,WA,Energy-Only Providers,0.0,8.47,8.47,0.0,8.47
2003,US,Energy-Only Providers,5.43,6.02,4.47,6.16,5.3
2003,CA,Delivery-Only Service,5.43,3.9,2.72,0.47,3.33
2003,CT,Delivery-Only Service,5.19,4.66,3.11,0.0,4.53
2003,DC,Delivery-Only Service,2.6,2.99,1.1,2.56,2.88
2003,DE,Delivery-Only Service,0.0,0.64,0.21,0.0,0.21
2003,IL,Delivery-Only Service,0.0,2.3,1.44,0.0,1.73
2003,MA,Delivery-Only Service,7.72,4.4,3.35,0.0,4.22
2003,MD,Delivery-Only Service,3.13,2.11,1.61,1.26,1.85
2003,ME,Delivery-Only Service,7.43,5.04,2.34,0.0,5.16
2003,MI,Delivery-Only Service,0.0,0.78,0.48,0.0,0.51
2003,MT,Delivery-Only Service,2.65,1.81,0.3,0.0,0.55
2003,NH,Delivery-Only Service,0.0,2.4,2.44,0.0,2.44
2003,NJ,Delivery-Only Service,4.58,3.47,3.36,0.0,3.48
2003,NY,Delivery-Only Service,6.82,4.3,1.69,2.37,3.65
2003,OH,Delivery-Only Service,5.83,4.69,2.64,0.0,4.28
2003,PA,Delivery-Only Service,5.5,2.78,1.18,2.58,2.95
2003,RI,Delivery-Only Service,0.0,4.47,3.21,0.0,3.92
2003,VA,Delivery-Only Service,4.35,0.0,0.0,0.0,4.35
2003,WA,Delivery-Only Service,0.0,1.01,0.56,0.0,0.57
2003,US,Delivery-Only Service,6.11,3.8,1.8,2.07,3.13
2002,AK,Total Electric Industry,12.05,10.13,7.65,0.0,10.46
2002,AL,Total Electric Industry,7.12,6.63,3.82,0.0,5.71
2002,AR,Total Electric Industry,7.25,5.68,4.01,0.0,5.61
2002,AZ,Total Electric Industry,8.27,7.28,5.2,0.0,7.21
2002,CA,Total Electric Industry,12.64,13.36,9.81,0.0,12.19
2002,CO,Total Electric Industry,7.37,5.67,4.52,0.0,6.0
2002,CT,Total Electric Industry,10.96,9.32,7.68,0.0,9.71
2002,DC,Total Electric Industry,7.98,7.32,4.95,0.0,7.34
2002,DE,Total Electric Industry,8.7,7.15,4.85,0.0,6.91
2002,FL,Total Electric Industry,8.16,6.64,5.23,0.0,7.31
2002,GA,Total Electric Industry,7.63,6.46,3.95,0.0,6.24
2002,HI,Total Electric Industry,15.63,14.11,11.02,0.0,13.39
2002,IA,Total Electric Industry,8.35,6.56,4.06,0.0,6.01
2002,ID,Total Electric Industry,6.59,5.71,4.34,0.0,5.58
2002,IL,Total Electric Industry,8.39,7.52,4.89,0.0,6.94
2002,IN,Total Electric Industry,6.91,5.98,3.95,0.0,5.34
2002,KS,Total Electric Industry,7.67,6.28,4.53,0.0,6.31
2002,KY,Total Electric Industry,5.65,5.3,3.09,0.0,4.26
2002,LA,Total Electric Industry,7.1,6.64,4.42,0.0,5.99
2002,MA,Total Electric Industry,10.93,10.02,8.34,0.0,10.06
2002,MD,Total Electric Industry,7.74,6.31,4.01,0.0,6.18
2002,ME,Total Electric Industry,12.74,10.68,7.05,0.0,10.35
2002,MI,Total Electric Industry,8.28,7.79,5.02,0.0,7.09
2002,MN,Total Electric Industry,7.49,5.88,4.07,0.0,5.8
2002,MO,Total Electric Industry,7.06,5.88,4.42,0.0,6.09
2002,MS,Total Electric Industry,7.28,6.83,4.4,0.0,6.24
2002,MT,Total Electric Industry,7.23,6.28,3.71,0.0,5.7
2002,NC,Total Electric Industry,8.19,6.51,4.7,0.0,6.74
2002,ND,Total Electric Industry,6.39,5.85,3.98,0.0,5.45
2002,NE,Total Electric Industry,6.73,5.62,3.89,0.0,5.55
2002,NH,Total Electric Industry,11.89,10.06,9.09,0.0,10.6
2002,NJ,Total Electric Industry,10.38,8.9,7.72,0.0,9.3
2002,NM,Total Electric Industry,8.5,7.22,4.48,0.0,6.73
2002,NV,Total Electric Industry,9.43,9.06,7.25,0.0,8.42
2002,NY,Total Electric Industry,13.55,12.33,5.18,0.0,11.16
2002,OH,Total Electric Industry,8.24,7.81,4.87,0.0,6.77
2002,OK,Total Electric Industry,6.73,5.75,3.81,0.0,5.59
2002,OR,Total Electric Industry,7.12,6.59,4.72,0.0,6.32
2002,PA,Total Electric Industry,9.74,8.5,5.83,0.0,8.06
2002,RI,Total Electric Industry,10.2,8.65,7.96,0.0,9.2
2002,SC,Total Electric Industry,7.72,6.48,3.85,0.0,5.83
2002,SD,Total Electric Industry,7.4,6.24,4.54,0.0,6.26
2002,TN,Total Electric Industry,6.41,6.45,4.15,0.0,5.72
2002,TX,Total Electric Industry,8.05,6.95,4.66,0.0,6.62
2002,UT,Total Electric Industry,6.79,5.6,3.84,0.0,5.39
2002,VA,Total Electric Industry,7.79,5.87,4.13,0.0,6.23
2002,VT,Total Electric Industry,12.78,11.1,7.9,0.0,10.87
2002,WA,Total Electric Industry,6.29,6.11,4.88,0.0,5.88
2002,WI,Total Electric Industry,8.18,6.54,4.43,0.0,6.28
2002,WV,Total Electric Industry,6.23,5.41,3.81,0.0,5.11
2002,WY,Total Electric Industry,6.97,5.71,3.55,0.0,4.68
2002,US,Total Electric Industry,8.44,7.89,4.88,0.0,7.2
2002,AK,Full-Service Providers,12.05,10.13,7.65,0.0,10.46
2002,AL,Full-Service Providers,7.12,6.63,3.82,0.0,5.71
2002,AR,Full-Service Providers,7.25,5.68,4.01,0.0,5.61
2002,AZ,Full-Service Providers,8.27,7.28,5.2,0.0,7.21
2002,CA,Full-Service Providers,12.63,13.84,10.23,0.0,12.52
2002,CO,Full-Service Providers,7.37,5.67,4.52,0.0,6.0
2002,CT,Full-Service Providers,10.96,9.32,7.69,0.0,9.72
2002,DC,Full-Service Providers,7.98,7.51,4.95,0.0,7.47
2002,DE,Full-Service Providers,8.7,7.17,5.2,0.0,7.23
2002,FL,Full-Service Providers,8.16,6.64,5.23,0.0,7.31
2002,GA,Full-Service Providers,7.63,6.46,3.95,0.0,6.24
2002,HI,Full-Service Providers,15.63,14.11,11.02,0.0,13.39
2002,IA,Full-Service Providers,8.35,6.56,4.06,0.0,6.01
2002,ID,Full-Service Providers,6.59,5.71,4.34,0.0,5.58
2002,IL,Full-Service Providers,8.39,7.41,4.75,0.0,7.01
2002,IN,Full-Service Providers,6.91,5.98,3.95,0.0,5.34
2002,KS,Full-Service Providers,7.67,6.28,4.53,0.0,6.31
2002,KY,Full-Service Providers,5.65,5.3,3.09,0.0,4.26
2002,LA,Full-Service Providers,7.1,6.64,4.42,0.0,5.99
2002,MA,Full-Service Providers,10.89,10.21,8.58,0.0,10.26
2002,MD,Full-Service Providers,7.73,6.36,3.49,0.0,6.18
2002,ME,Full-Service Providers,12.95,12.58,6.68,0.0,10.06
2002,MI,Full-Service Providers,8.28,7.91,5.04,0.0,7.15
2002,MN,Full-Service Providers,7.49,5.88,4.07,0.0,5.8
2002,MO,Full-Service Providers,7.06,5.88,4.42,0.0,6.09
2002,MS,Full-Service Providers,7.28,6.83,4.4,0.0,6.24
2002,MT,Full-Service Providers,7.23,6.47,3.87,0.0,6.16
2002,NC,Full-Service Providers,8.19,6.51,4.7,0.0,6.74
2002,ND,Full-Service Providers,6.39,5.85,3.98,0.0,5.45
2002,NE,Full-Service Providers,6.73,5.62,3.89,0.0,5.55
2002,NH,Full-Service Providers,11.88,10.05,9.11,0.0,10.6
2002,NJ,Full-Service Providers,10.38,8.92,7.68,0.0,9.32
2002,NM,Full-Service Providers,8.5,7.22,4.48,0.0,6.73
2002,NV,Full-Service Providers,9.43,9.06,7.25,0.0,8.42
2002,NY,Full-Service Providers,13.46,12.05,4.63,0.0,10.89
2002,OH,Full-Service Providers,7.98,7.72,4.73,0.0,6.62
2002,OK,Full-Service Providers,6.73,5.75,3.81,0.0,5.59
2002,OR,Full-Service Providers,7.12,6.59,4.72,0.0,6.32
2002,PA,Full-Service Providers,9.57,8.51,5.84,0.0,7.98
2002,RI,Full-Service Providers,10.21,8.69,7.83,0.0,9.22
2002,SC,Full-Service Providers,7.72,6.48,3.85,0.0,5.83
2002,SD,Full-Service Providers,7.4,6.24,4.54,0.0,6.26
2002,TN,Full-Service Providers,6.41,6.45,4.15,0.0,5.72
2002,TX,Full-Service Providers,8.05,6.95,4.66,0.0,6.62
2002,UT,Full-Service Providers,6.79,5.6,3.84,0.0,5.39
2002,VA,Full-Service Providers,7.79,5.87,4.13,0.0,6.22
2002,VT,Full-Service Providers,12.78,11.1,7.9,0.0,10.87
2002,WA,Full-Service Providers,6.29,6.11,4.23,0.0,5.77
2002,WI,Full-Service Providers,8.18,6.54,4.43,0.0,6.28
2002,WV,Full-Service Providers,6.23,5.41,3.81,0.0,5.11
2002,WY,Full-Service Providers,6.97,5.71,3.55,0.0,4.68
2002,US,Full-Service Providers,8.4,7.77,4.78,0.0,7.13
2002,CA,Restructured Retail Service Providers,13.92,9.58,8.35,0.0,9.09
2002,CT,Restructured Retail Service Providers,10.45,9.26,7.14,0.0,9.08
2002,DC,Restructured Retail Service Providers,7.9,7.19,0.0,0.0,7.2
2002,DE,Restructured Retail Service Providers,0.0,4.85,3.9,0.0,3.93
2002,IL,Restructured Retail Service Providers,0.0,8.26,5.29,0.0,6.38
2002,MA,Restructured Retail Service Providers,13.86,9.51,7.74,0.0,9.18
2002,MD,Restructured Retail Service Providers,7.94,6.07,5.87,0.0,6.19
2002,ME,Restructured Retail Service Providers,12.73,10.49,7.1,0.0,10.38
2002,MI,Restructured Retail Service Providers,0.0,6.3,4.7,0.0,5.64
2002,MT,Restructured Retail Service Providers,6.04,4.99,3.51,0.0,3.83
2002,NH,Restructured Retail Service Providers,13.0,11.72,8.52,0.0,10.48
2002,NJ,Restructured Retail Service Providers,10.39,7.81,8.29,0.0,8.16
2002,NY,Restructured Retail Service Providers,15.11,13.13,8.7,0.0,12.56
2002,OH,Restructured Retail Service Providers,10.56,8.33,5.64,0.0,7.73
2002,PA,Restructured Retail Service Providers,12.06,8.41,5.72,0.0,9.03
2002,RI,Restructured Retail Service Providers,9.46,8.45,8.3,0.0,9.04
2002,VA,Restructured Retail Service Providers,8.72,6.75,5.55,0.0,7.31
2002,WA,Restructured Retail Service Providers,0.0,0.0,13.6,0.0,13.6
2002,US,Restructured Retail Service Providers,12.0,9.61,6.61,0.0,8.77
2002,CA,Energy-Only Providers,8.12,6.0,6.18,0.0,6.14
2002,CT,Energy-Only Providers,5.23,4.72,4.1,0.0,4.73
2002,DC,Energy-Only Providers,5.27,4.25,0.0,0.0,4.3
2002,DE,Energy-Only Providers,0.0,3.97,3.57,0.0,3.58
2002,IL,Energy-Only Providers,0.0,5.69,3.67,0.0,4.37
2002,MA,Energy-Only Providers,6.34,5.35,4.51,0.0,5.12
2002,MD,Energy-Only Providers,4.77,4.27,4.51,0.0,4.44
2002,ME,Energy-Only Providers,5.02,5.61,5.01,0.0,5.21
2002,MI,Energy-Only Providers,0.0,5.56,4.41,0.0,5.09
2002,MT,Energy-Only Providers,3.07,3.15,3.28,0.0,3.26
2002,NH,Energy-Only Providers,10.23,8.95,5.72,0.0,7.7
2002,NJ,Energy-Only Providers,6.13,4.35,5.08,0.0,4.79
2002,NY,Energy-Only Providers,7.25,7.93,5.62,0.0,7.31
2002,OH,Energy-Only Providers,4.45,4.05,2.69,0.0,3.56
2002,PA,Energy-Only Providers,5.83,5.5,4.33,0.0,5.36
2002,RI,Energy-Only Providers,4.94,4.83,5.6,0.0,5.09
2002,VA,Energy-Only Providers,4.5,4.33,4.46,0.0,4.45
2002,WA,Energy-Only Providers,0.0,0.0,10.07,0.0,10.07
2002,US,Energy-Only Providers,5.43,5.86,4.53,0.0,5.27
2002,CA,Delivery-Only Service,5.8,3.57,2.17,0.0,2.95
2002,CT,Delivery-Only Service,5.22,4.54,3.05,0.0,4.34
2002,DC,Delivery-Only Service,2.63,2.94,0.0,0.0,2.9
2002,DE,Delivery-Only Service,0.0,0.88,0.33,0.0,0.35
2002,IL,Delivery-Only Service,0.0,2.57,1.62,0.0,2.02
2002,MA,Delivery-Only Service,7.52,4.16,3.23,0.0,4.06
2002,MD,Delivery-Only Service,3.17,1.8,1.35,0.0,1.74
2002,ME,Delivery-Only Service,7.71,4.88,2.09,0.0,5.17
2002,MI,Delivery-Only Service,0.0,0.73,0.29,0.0,0.55
2002,MT,Delivery-Only Service,2.97,1.83,0.22,0.0,0.57
2002,NH,Delivery-Only Service,2.77,2.76,2.79,0.0,2.78
2002,NJ,Delivery-Only Service,4.26,3.47,3.22,0.0,3.37
2002,NY,Delivery-Only Service,7.87,5.2,3.09,0.0,5.26
2002,OH,Delivery-Only Service,6.11,4.28,2.95,0.0,4.17
2002,PA,Delivery-Only Service,6.23,2.91,1.39,0.0,3.67
2002,RI,Delivery-Only Service,4.52,3.62,2.7,0.0,3.95
2002,VA,Delivery-Only Service,4.22,2.42,1.09,0.0,2.86
2002,WA,Delivery-Only Service,0.0,0.0,3.54,0.0,3.54
2002,US,Delivery-Only Service,6.57,3.75,2.08,0.0,3.5
2001,AK,Total Electric Industry,12.12,10.29,7.61,0.0,10.54
2001,AL,Total Electric Industry,7.01,6.53,3.79,0.0,5.6
2001,AR,Total Electric Industry,7.72,6.19,4.43,0.0,6.05
2001,AZ,Total Electric Industry,8.3,7.37,5.24,0.0,7.27
2001,CA,Total Electric Industry,12.09,12.15,9.23,0.0,11.22
2001,CO,Total Electric Industry,7.47,5.67,4.48,0.0,6.02
2001,CT,Total Electric Industry,10.9,9.26,7.62,0.0,9.62
2001,DC,Total Electric Industry,7.79,7.45,4.81,0.0,7.4
2001,DE,Total Electric Industry,8.61,7.0,4.81,0.0,6.8
2001,FL,Total Electric Industry,8.59,7.08,5.18,0.0,7.67
2001,GA,Total Electric Industry,7.72,6.61,4.28,0.0,6.39
2001,HI,Total Electric Industry,16.34,14.81,11.68,0.0,14.05
2001,IA,Total Electric Industry,8.41,6.69,4.18,0.0,6.14
2001,ID,Total Electric Industry,6.01,5.13,3.71,0.0,4.92
2001,IL,Total Electric Industry,8.71,7.4,4.65,0.0,6.9
2001,IN,Total Electric Industry,6.92,5.29,4.11,0.0,5.3
2001,KS,Total Electric Industry,7.66,6.2,4.55,0.0,6.24
2001,KY,Total Electric Industry,5.58,5.2,3.04,0.0,4.24
2001,LA,Total Electric Industry,7.92,7.58,5.58,0.0,6.96
2001,MA,Total Electric Industry,12.47,11.64,9.37,0.0,11.55
2001,MD,Total Electric Industry,7.67,6.36,4.37,0.0,6.6
2001,ME,Total Electric Industry,13.13,11.64,7.15,0.0,10.55
2001,MI,Total Electric Industry,8.26,7.54,5.08,0.0,6.97
2001,MN,Total Electric Industry,7.61,6.03,4.34,0.0,5.97
2001,MO,Total Electric Industry,7.0,5.89,4.39,0.0,6.03
2001,MS,Total Electric Industry,7.37,6.94,4.4,0.0,6.26
2001,MT,Total Electric Industry,6.88,5.91,6.59,0.0,6.48
2001,NC,Total Electric Industry,8.12,6.42,4.61,0.0,6.58
2001,ND,Total Electric Industry,6.47,5.99,3.98,0.0,5.48
2001,NE,Total Electric Industry,6.5,5.48,3.76,0.0,5.39
2001,NH,Total Electric Industry,12.49,10.53,9.11,0.0,10.95
2001,NJ,Total Electric Industry,10.21,9.09,8.33,0.0,9.36
2001,NM,Total Electric Industry,8.74,7.5,5.45,0.0,7.16
2001,NV,Total Electric Industry,9.08,8.45,6.56,0.0,7.86
2001,NY,Total Electric Industry,14.04,12.87,5.56,0.0,11.55
2001,OH,Total Electric Industry,8.37,8.46,4.27,0.0,6.62
2001,OK,Total Electric Industry,7.27,6.35,4.29,0.0,6.1
2001,OR,Total Electric Industry,6.29,5.45,4.21,0.0,5.44
2001,PA,Total Electric Industry,9.68,8.62,5.76,0.0,8.01
2001,RI,Total Electric Industry,12.13,11.54,9.36,0.0,11.45
2001,SC,Total Electric Industry,7.69,6.45,3.86,0.0,5.77
2001,SD,Total Electric Industry,7.42,6.55,4.46,0.0,6.35
2001,TN,Total Electric Industry,6.32,6.31,4.05,0.0,5.59
2001,TX,Total Electric Industry,8.86,7.74,5.27,0.0,7.38
2001,UT,Total Electric Industry,6.72,5.58,3.53,0.0,5.21
2001,VA,Total Electric Industry,7.79,5.85,4.16,0.0,6.18
2001,VT,Total Electric Industry,12.67,11.28,7.89,0.0,10.86
2001,WA,Total Electric Industry,5.7,5.45,4.75,0.0,5.34
2001,WI,Total Electric Industry,7.9,6.34,4.36,0.0,6.08
2001,WV,Total Electric Industry,6.26,5.44,3.74,0.0,5.07
2001,WY,Total Electric Industry,6.77,5.41,3.43,0.0,4.46
2001,US,Total Electric Industry,8.58,7.92,5.05,0.0,7.29
2001,AK,Full-Service Providers,12.12,10.29,7.61,0.0,10.54
2001,AL,Full-Service Providers,7.01,6.53,3.79,0.0,5.6
2001,AR,Full-Service Providers,7.72,6.19,4.43,0.0,6.05
2001,AZ,Full-Service Providers,8.3,7.36,5.24,0.0,7.27
2001,CA,Full-Service Providers,12.08,12.41,9.54,0.0,11.41
2001,CO,Full-Service Providers,7.47,5.67,4.48,0.0,6.02
2001,CT,Full-Service Providers,10.91,9.26,7.62,0.0,9.62
2001,DC,Full-Service Providers,7.8,7.47,4.8,0.0,7.42
2001,DE,Full-Service Providers,8.61,7.09,4.9,0.0,7.0
2001,FL,Full-Service Providers,8.59,7.08,5.18,0.0,7.67
2001,GA,Full-Service Providers,7.72,6.61,4.28,0.0,6.39
2001,HI,Full-Service Providers,16.34,14.81,11.68,0.0,14.05
2001,IA,Full-Service Providers,8.41,6.69,4.18,0.0,6.14
2001,ID,Full-Service Providers,6.01,5.13,3.71,0.0,4.92
2001,IL,Full-Service Providers,8.71,7.51,4.57,0.0,7.02
2001,IN,Full-Service Providers,6.92,5.29,4.11,0.0,5.3
2001,KS,Full-Service Providers,7.66,6.2,4.55,0.0,6.24
2001,KY,Full-Service Providers,5.58,5.2,3.04,0.0,4.24
2001,LA,Full-Service Providers,7.92,7.58,5.58,0.0,6.96
2001,MA,Full-Service Providers,12.47,11.77,9.37,0.0,11.6
2001,MD,Full-Service Providers,7.66,6.35,4.31,0.0,6.59
2001,ME,Full-Service Providers,15.24,12.57,7.32,0.0,11.33
2001,MI,Full-Service Providers,8.26,7.54,5.08,0.0,6.98
2001,MN,Full-Service Providers,7.61,6.03,4.34,0.0,5.97
2001,MO,Full-Service Providers,7.0,5.89,4.39,0.0,6.03
2001,MS,Full-Service Providers,7.37,6.94,4.4,0.0,6.26
2001,MT,Full-Service Providers,6.88,6.09,4.57,0.0,6.12
2001,NC,Full-Service Providers,8.12,6.42,4.61,0.0,6.58
2001,ND,Full-Service Providers,6.47,5.99,3.98,0.0,5.48
2001,NE,Full-Service Providers,6.5,5.48,3.76,0.0,5.39
2001,NH,Full-Service Providers,12.49,10.53,9.11,0.0,10.95
2001,NJ,Full-Service Providers,10.22,9.11,8.46,0.0,9.42
2001,NM,Full-Service Providers,8.74,7.5,5.45,0.0,7.16
2001,NV,Full-Service Providers,9.08,8.45,6.56,0.0,7.86
2001,NY,Full-Service Providers,13.99,12.68,5.03,0.0,11.29
2001,OH,Full-Service Providers,8.32,8.44,4.24,0.0,6.65
2001,OK,Full-Service Providers,7.27,6.35,4.29,0.0,6.1
2001,OR,Full-Service Providers,6.29,5.45,4.21,0.0,5.44
2001,PA,Full-Service Providers,9.39,8.8,5.78,0.0,7.95
2001,RI,Full-Service Providers,12.13,11.81,9.37,0.0,11.52
2001,SC,Full-Service Providers,7.69,6.45,3.86,0.0,5.77
2001,SD,Full-Service Providers,7.42,6.55,4.46,0.0,6.35
2001,TN,Full-Service Providers,6.32,6.31,4.05,0.0,5.59
2001,TX,Full-Service Providers,8.86,7.74,5.29,0.0,7.39
2001,UT,Full-Service Providers,6.72,5.58,3.53,0.0,5.21
2001,VA,Full-Service Providers,7.79,5.85,4.16,0.0,6.18
2001,VT,Full-Service Providers,12.67,11.17,7.89,0.0,10.82
2001,WA,Full-Service Providers,5.7,5.45,4.43,0.0,5.27
2001,WI,Full-Service Providers,7.9,6.34,4.36,0.0,6.08
2001,WV,Full-Service Providers,6.26,5.44,3.74,0.0,5.07
2001,WY,Full-Service Providers,6.77,5.41,3.43,0.0,4.46
2001,US,Full-Service Providers,8.55,7.84,5.01,0.0,7.25
2001,CA,Restructured Retail Service Providers,12.72,6.66,5.41,0.0,6.54
2001,CT,Restructured Retail Service Providers,9.45,9.43,0.0,0.0,9.45
2001,DC,Restructured Retail Service Providers,6.82,7.39,5.41,0.0,7.32
2001,DE,Restructured Retail Service Providers,5.66,5.12,4.4,0.0,4.53
2001,IL,Restructured Retail Service Providers,0.0,6.31,5.14,0.0,5.67
2001,MA,Restructured Retail Service Providers,13.54,10.76,9.37,0.0,10.82
2001,MD,Restructured Retail Service Providers,8.47,6.52,5.29,0.0,6.7
2001,ME,Restructured Retail Service Providers,12.73,10.52,7.08,0.0,10.17
2001,MI,Restructured Retail Service Providers,0.0,7.01,5.39,0.0,6.04
2001,MT,Restructured Retail Service Providers,4.7,4.86,9.85,0.0,8.34
2001,NH,Restructured Retail Service Providers,0.0,9.8,0.0,0.0,9.8
2001,NJ,Restructured Retail Service Providers,8.58,8.71,7.09,0.0,8.07
2001,NY,Restructured Retail Service Providers,15.0,13.55,11.42,0.0,13.3
2001,OH,Restructured Retail Service Providers,9.83,8.9,4.49,0.0,6.14
2001,PA,Restructured Retail Service Providers,11.98,7.98,5.66,0.0,8.38
2001,RI,Restructured Retail Service Providers,0.0,10.49,9.3,0.0,11.0
2001,TX,Restructured Retail Service Providers,9.55,8.93,0.93,0.0,6.3
2001,VA,Restructured Retail Service Providers,7.47,6.14,4.98,0.0,6.75
2001,WA,Restructured Retail Service Providers,0.0,0.0,9.83,0.0,9.83
2001,US,Restructured Retail Service Providers,12.08,9.67,6.07,0.0,8.66
2001,CA,Energy-Only Providers,13.21,8.02,7.49,0.0,8.21
2001,CT,Energy-Only Providers,4.97,5.03,0.0,0.0,4.97
2001,DC,Energy-Only Providers,4.42,4.42,4.39,0.0,4.42
2001,DE,Energy-Only Providers,3.03,4.06,3.62,0.0,3.7
2001,IL,Energy-Only Providers,0.0,4.6,4.18,0.0,4.37
2001,MA,Energy-Only Providers,6.7,6.46,5.89,0.0,6.39
2001,MD,Energy-Only Providers,5.24,4.66,3.7,0.0,4.51
2001,ME,Energy-Only Providers,4.76,5.92,5.02,0.0,5.11
2001,MI,Energy-Only Providers,0.0,6.23,4.8,0.0,5.37
2001,MT,Energy-Only Providers,2.3,2.64,9.2,0.0,7.21
2001,NH,Energy-Only Providers,0.0,6.76,0.0,0.0,6.76
2001,NJ,Energy-Only Providers,4.33,4.6,3.62,0.0,4.21
2001,NY,Energy-Only Providers,7.03,8.28,7.18,0.0,7.79
2001,OH,Energy-Only Providers,3.72,3.81,2.63,0.0,3.03
2001,PA,Energy-Only Providers,4.7,4.68,3.78,0.0,4.43
2001,RI,Energy-Only Providers,0.0,6.62,6.62,0.0,6.53
2001,TX,Energy-Only Providers,5.86,7.35,0.0,0.0,4.74
2001,VA,Energy-Only Providers,4.59,4.42,4.52,0.0,4.53
2001,WA,Energy-Only Providers,0.0,0.0,6.17,0.0,6.17
2001,US,Energy-Only Providers,5.34,6.22,4.69,0.0,5.51
2001,CA,Delivery-Only Service,-0.48,-1.35,-2.08,0.0,-1.67
2001,CT,Delivery-Only Service,4.48,4.4,0.0,0.0,4.48
2001,DC,Delivery-Only Service,2.4,2.97,1.01,0.0,2.9
2001,DE,Delivery-Only Service,2.63,1.06,0.78,0.0,0.83
2001,IL,Delivery-Only Service,0.0,1.71,0.95,0.0,1.29
2001,MA,Delivery-Only Service,6.84,4.31,3.49,0.0,4.43
2001,MD,Delivery-Only Service,3.23,1.87,1.6,0.0,2.19
2001,ME,Delivery-Only Service,7.97,4.59,2.05,0.0,5.06
2001,MI,Delivery-Only Service,0.0,0.78,0.59,0.0,0.67
2001,MT,Delivery-Only Service,2.39,2.22,0.66,0.0,1.13
2001,NH,Delivery-Only Service,0.0,3.04,0.0,0.0,3.04
2001,NJ,Delivery-Only Service,4.25,4.11,3.47,0.0,3.86
2001,NY,Delivery-Only Service,7.97,5.28,4.24,0.0,5.51
2001,OH,Delivery-Only Service,6.11,5.1,1.86,0.0,3.11
2001,PA,Delivery-Only Service,7.28,3.3,1.88,0.0,3.95
2001,RI,Delivery-Only Service,0.0,3.87,2.67,0.0,4.47
2001,TX,Delivery-Only Service,3.68,1.59,0.93,0.0,1.56
2001,VA,Delivery-Only Service,2.88,1.72,0.45,0.0,2.22
2001,WA,Delivery-Only Service,0.0,0.0,3.66,0.0,3.66
2001,US,Delivery-Only Service,6.74,3.44,1.38,0.0,3.15
2000,AK,Total Electric Industry,11.45,9.77,7.56,0.0,10.08
2000,AL,Total Electric Industry,7.05,6.58,3.87,0.0,5.61
2000,AR,Total Electric Industry,7.45,5.93,4.2,0.0,5.77
2000,AZ,Total Electric Industry,8.44,7.34,5.27,0.0,7.25
2000,CA,Total Electric Industry,10.89,10.25,7.14,0.0,9.47
2000,CO,Total Electric Industry,7.31,5.55,4.25,0.0,5.88
2000,CT,Total Electric Industry,10.86,9.27,7.32,0.0,9.52
2000,DC,Total Electric Industry,8.03,7.55,4.74,0.0,7.52
2000,DE,Total Electric Industry,8.54,5.89,3.73,0.0,6.08
2000,FL,Total Electric Industry,7.77,6.25,4.84,0.0,6.91
2000,GA,Total Electric Industry,7.6,6.5,4.1,0.0,6.21
2000,HI,Total Electric Industry,16.41,14.81,11.69,0.0,14.03
2000,IA,Total Electric Industry,8.37,6.57,3.89,0.0,5.93
2000,ID,Total Electric Industry,5.39,4.24,3.11,0.0,4.17
2000,IL,Total Electric Industry,8.83,7.31,4.99,0.0,6.94
2000,IN,Total Electric Industry,6.87,5.93,3.81,0.0,5.18
2000,KS,Total Electric Industry,7.65,6.25,4.55,0.0,6.27
2000,KY,Total Electric Industry,5.47,5.14,3.01,0.0,4.18
2000,LA,Total Electric Industry,7.67,7.18,5.0,0.0,6.48
2000,MA,Total Electric Industry,10.53,9.13,8.2,0.0,9.49
2000,MD,Total Electric Industry,7.95,6.55,4.14,0.0,6.74
2000,ME,Total Electric Industry,12.49,10.23,6.89,0.0,9.69
2000,MI,Total Electric Industry,8.52,7.9,5.09,0.0,7.11
2000,MN,Total Electric Industry,7.52,6.36,4.57,0.0,5.87
2000,MO,Total Electric Industry,7.04,5.83,4.43,0.0,6.02
2000,MS,Total Electric Industry,6.93,6.41,4.14,0.0,5.85
2000,MT,Total Electric Industry,6.49,5.6,3.97,0.0,5.0
2000,NC,Total Electric Industry,7.97,6.36,4.58,0.0,6.48
2000,ND,Total Electric Industry,6.44,6.08,3.98,0.0,5.44
2000,NE,Total Electric Industry,6.53,5.42,3.61,0.0,5.31
2000,NH,Total Electric Industry,13.15,10.81,9.17,0.0,11.25
2000,NJ,Total Electric Industry,10.27,9.14,8.58,0.0,9.47
2000,NM,Total Electric Industry,8.36,7.06,4.69,0.0,6.58
2000,NV,Total Electric Industry,7.28,6.74,4.98,0.0,6.17
2000,NY,Total Electric Industry,13.97,12.65,5.37,0.0,11.38
2000,OH,Total Electric Industry,8.61,7.61,4.37,0.0,6.41
2000,OK,Total Electric Industry,7.03,6.14,4.09,0.0,5.88
2000,OR,Total Electric Industry,5.88,5.06,3.56,0.0,4.89
2000,PA,Total Electric Industry,9.53,7.71,5.63,0.0,7.65
2000,RI,Total Electric Industry,11.28,9.5,8.76,0.0,10.18
2000,SC,Total Electric Industry,7.58,6.35,3.74,0.0,5.62
2000,SD,Total Electric Industry,7.42,6.64,4.49,0.0,6.32
2000,TN,Total Electric Industry,6.33,6.28,4.09,0.0,5.58
2000,TX,Total Electric Industry,7.96,6.88,4.42,0.0,6.49
2000,UT,Total Electric Industry,6.29,5.23,3.35,0.0,4.84
2000,VA,Total Electric Industry,7.52,5.65,3.9,0.0,5.94
2000,VT,Total Electric Industry,12.3,10.61,7.31,0.0,10.27
2000,WA,Total Electric Industry,5.13,4.86,3.3,0.0,4.33
2000,WI,Total Electric Industry,7.53,6.03,4.04,0.0,5.71
2000,WV,Total Electric Industry,6.27,5.46,3.76,0.0,5.07
2000,WY,Total Electric Industry,6.5,5.29,3.36,0.0,4.34
2000,US,Total Electric Industry,8.24,7.43,4.64,0.0,6.81
2000,AK,Full-Service Providers,11.45,9.77,7.56,0.0,10.08
2000,AL,Full-Service Providers,7.05,6.58,3.87,0.0,5.61
2000,AR,Full-Service Providers,7.45,5.93,4.2,0.0,5.77
2000,AZ,Full-Service Providers,8.44,7.37,5.27,0.0,7.26
2000,CA,Full-Service Providers,10.85,10.55,7.22,0.0,9.66
2000,CO,Full-Service Providers,7.31,5.55,4.25,0.0,5.88
2000,CT,Full-Service Providers,10.86,9.27,7.32,0.0,9.52
2000,DC,Full-Service Providers,8.03,7.55,4.74,0.0,7.52
2000,DE,Full-Service Providers,8.54,6.12,3.68,0.0,6.17
2000,FL,Full-Service Providers,7.77,6.25,4.84,0.0,6.91
2000,GA,Full-Service Providers,7.6,6.5,4.1,0.0,6.21
2000,HI,Full-Service Providers,16.41,14.81,11.69,0.0,14.03
2000,IA,Full-Service Providers,8.37,6.57,3.89,0.0,5.93
2000,ID,Full-Service Providers,5.39,4.24,3.11,0.0,4.17
2000,IL,Full-Service Providers,8.83,7.53,4.76,0.0,6.99
2000,IN,Full-Service Providers,6.87,5.93,3.81,0.0,5.18
2000,KS,Full-Service Providers,7.65,6.25,4.55,0.0,6.27
2000,KY,Full-Service Providers,5.47,5.14,3.01,0.0,4.18
2000,LA,Full-Service Providers,7.67,7.18,5.0,0.0,6.48
2000,MA,Full-Service Providers,10.53,9.2,8.27,0.0,9.57
2000,MD,Full-Service Providers,7.96,6.55,4.13,0.0,6.74
2000,ME,Full-Service Providers,12.92,10.77,7.18,0.0,9.96
2000,MI,Full-Service Providers,8.53,7.9,5.1,0.0,7.12
2000,MN,Full-Service Providers,7.52,6.36,4.57,0.0,5.87
2000,MO,Full-Service Providers,7.04,5.83,4.43,0.0,6.02
2000,MS,Full-Service Providers,6.93,6.41,4.14,0.0,5.85
2000,MT,Full-Service Providers,6.48,5.7,2.48,0.0,4.74
2000,NC,Full-Service Providers,7.97,6.36,4.58,0.0,6.48
2000,ND,Full-Service Providers,6.44,6.08,3.98,0.0,5.44
2000,NE,Full-Service Providers,6.53,5.42,3.61,0.0,5.31
2000,NH,Full-Service Providers,13.14,10.87,9.1,0.0,11.26
2000,NJ,Full-Service Providers,10.29,9.23,8.16,0.0,9.47
2000,NM,Full-Service Providers,8.36,7.06,4.69,0.0,6.58
2000,NV,Full-Service Providers,7.28,6.74,4.98,0.0,6.17
2000,NY,Full-Service Providers,14.03,12.54,4.97,0.0,11.23
2000,OH,Full-Service Providers,8.61,7.61,4.47,0.0,6.5
2000,OK,Full-Service Providers,7.03,6.14,4.09,0.0,5.88
2000,OR,Full-Service Providers,5.88,5.06,3.56,0.0,4.89
2000,PA,Full-Service Providers,9.35,8.21,5.31,0.0,7.82
2000,RI,Full-Service Providers,11.28,9.71,8.7,0.0,10.2
2000,SC,Full-Service Providers,7.58,6.35,3.74,0.0,5.62
2000,SD,Full-Service Providers,7.42,6.64,4.49,0.0,6.32
2000,TN,Full-Service Providers,6.33,6.28,4.09,0.0,5.58
2000,TX,Full-Service Providers,7.96,6.88,4.42,0.0,6.49
2000,UT,Full-Service Providers,6.29,5.23,3.35,0.0,4.84
2000,VA,Full-Service Providers,7.52,5.65,3.9,0.0,5.94
2000,VT,Full-Service Providers,12.3,10.61,7.31,0.0,10.27
2000,WA,Full-Service Providers,5.13,4.86,3.42,0.0,4.41
2000,WI,Full-Service Providers,7.53,6.03,4.04,0.0,5.71
2000,WV,Full-Service Providers,6.27,5.46,3.76,0.0,5.07
2000,WY,Full-Service Providers,6.5,5.29,3.36,0.0,4.34
2000,US,Full-Service Providers,8.21,7.36,4.57,0.0,6.78
2000,AZ,Restructured Retail Service Providers,0.0,3.68,0.0,0.0,3.68
2000,CA,Restructured Retail Service Providers,13.64,7.82,6.78,0.0,7.63
2000,DE,Restructured Retail Service Providers,5.29,3.71,5.42,0.0,4.08
2000,IL,Restructured Retail Service Providers,0.0,5.49,6.92,0.0,6.28
2000,MA,Restructured Retail Service Providers,11.39,8.39,7.11,0.0,8.15
2000,MD,Restructured Retail Service Providers,4.86,8.81,0.0,0.0,8.52
2000,ME,Restructured Retail Service Providers,12.27,8.47,6.59,0.0,9.39
2000,MI,Restructured Retail Service Providers,6.22,5.62,4.91,0.0,5.03
2000,MT,Restructured Retail Service Providers,11.05,4.58,8.02,0.0,7.49
2000,NH,Restructured Retail Service Providers,14.59,9.26,22.46,0.0,10.72
2000,NJ,Restructured Retail Service Providers,9.53,8.71,13.82,0.0,9.41
2000,NM,Restructured Retail Service Providers,2.82,2.82,2.81,0.0,2.81
2000,NY,Restructured Retail Service Providers,12.3,13.06,9.41,0.0,12.38
2000,OH,Restructured Retail Service Providers,0.0,0.0,2.71,0.0,2.71
2000,PA,Restructured Retail Service Providers,11.69,6.95,6.27,0.0,7.18
2000,RI,Restructured Retail Service Providers,0.0,5.11,12.98,0.0,9.19
2000,WA,Restructured Retail Service Providers,0.0,0.0,2.19,0.0,2.19
2000,US,Restructured Retail Service Providers,12.07,8.65,6.24,0.0,7.97
2000,AZ,Energy-Only Providers,0.0,3.68,0.0,0.0,3.68
2000,CA,Energy-Only Providers,12.27,9.1,8.87,0.0,9.15
2000,DE,Energy-Only Providers,5.2,3.42,3.52,0.0,3.44
2000,IL,Energy-Only Providers,0.0,4.11,4.27,0.0,4.19
2000,MA,Energy-Only Providers,4.44,3.56,3.76,0.0,3.6
2000,MD,Energy-Only Providers,4.21,6.39,0.0,0.0,5.06
2000,ME,Energy-Only Providers,4.07,4.51,4.26,0.0,4.22
2000,MI,Energy-Only Providers,6.22,4.09,4.06,0.0,4.1
2000,MT,Energy-Only Providers,2.42,2.38,7.5,0.0,6.68
2000,NH,Energy-Only Providers,3.08,2.68,2.36,0.0,2.7
2000,NJ,Energy-Only Providers,4.81,4.33,4.11,0.0,4.34
2000,NM,Energy-Only Providers,2.82,2.82,2.81,0.0,2.81
2000,NY,Energy-Only Providers,6.13,7.29,4.86,0.0,6.67
2000,OH,Energy-Only Providers,0.0,0.0,2.51,0.0,2.51
2000,PA,Energy-Only Providers,4.54,4.31,3.95,0.0,4.19
2000,RI,Energy-Only Providers,0.0,3.07,3.2,0.0,3.11
2000,WA,Energy-Only Providers,0.0,0.0,2.14,0.0,2.14
2000,US,Energy-Only Providers,5.69,5.84,5.1,0.0,5.5
2000,CA,Delivery-Only Service,1.36,-1.28,-2.09,0.0,-1.52
2000,DE,Delivery-Only Service,0.09,0.3,1.9,0.0,0.64
2000,IL,Delivery-Only Service,0.0,1.38,2.65,0.0,2.09
2000,MA,Delivery-Only Service,6.94,4.83,3.34,0.0,4.55
2000,MD,Delivery-Only Service,0.66,2.42,0.0,0.0,3.46
2000,ME,Delivery-Only Service,8.2,3.96,2.34,0.0,5.18
2000,MI,Delivery-Only Service,0.0,1.53,0.85,0.0,0.93
2000,MT,Delivery-Only Service,8.63,2.2,0.52,0.0,0.81
2000,NH,Delivery-Only Service,11.51,6.58,20.1,0.0,8.03
2000,NJ,Delivery-Only Service,4.72,4.38,9.71,0.0,5.07
2000,NY,Delivery-Only Service,6.18,5.77,4.55,0.0,5.71
2000,OH,Delivery-Only Service,0.0,0.0,0.19,0.0,0.19
2000,PA,Delivery-Only Service,7.15,2.64,2.32,0.0,2.99
2000,RI,Delivery-Only Service,0.0,2.04,9.77,0.0,6.08
2000,WA,Delivery-Only Service,0.0,0.0,0.05,0.0,0.05
2000,US,Delivery-Only Service,6.37,2.81,1.14,0.0,2.47
1999,AK,Total Electric Industry,11.16,9.2,7.32,0.0,9.78
1999,AL,Total Electric Industry,7.03,6.54,3.82,0.0,5.54
1999,AR,Total Electric Industry,7.43,5.82,4.12,0.0,5.68
1999,AZ,Total Electric Industry,8.53,7.51,5.04,0.0,7.23
1999,CA,Total Electric Industry,10.64,9.44,6.27,0.0,8.75
1999,CO,Total Electric Industry,7.38,5.61,4.38,0.0,5.95
1999,CT,Total Electric Industry,11.46,9.69,7.42,0.0,9.96
1999,DC,Total Electric Industry,8.0,7.47,4.59,0.0,7.45
1999,DE,Total Electric Industry,9.17,7.39,4.71,0.0,7.1
1999,FL,Total Electric Industry,7.73,6.22,4.77,0.0,6.85
1999,GA,Total Electric Industry,7.56,6.67,4.15,0.0,6.24
1999,HI,Total Electric Industry,14.3,12.74,9.7,0.0,11.97
1999,IA,Total Electric Industry,8.35,6.45,3.89,0.0,5.93
1999,ID,Total Electric Industry,5.26,4.2,2.63,0.0,3.89
1999,IL,Total Electric Industry,8.83,7.38,4.99,0.0,6.96
1999,IN,Total Electric Industry,6.96,6.05,3.89,0.0,5.29
1999,KS,Total Electric Industry,7.64,6.25,4.47,0.0,6.22
1999,KY,Total Electric Industry,5.58,5.27,2.99,0.0,4.17
1999,LA,Total Electric Industry,7.12,6.59,4.25,0.0,5.81
1999,MA,Total Electric Industry,10.09,8.64,7.53,0.0,8.99
1999,MD,Total Electric Industry,8.39,6.82,4.26,0.0,7.04
1999,ME,Total Electric Industry,13.07,10.51,6.42,0.0,9.77
1999,MI,Total Electric Industry,8.73,7.85,5.03,0.0,7.12
1999,MN,Total Electric Industry,7.41,6.31,4.56,0.0,5.83
1999,MO,Total Electric Industry,7.12,5.96,4.38,0.0,6.06
1999,MS,Total Electric Industry,6.75,6.19,4.02,0.0,5.65
1999,MT,Total Electric Industry,6.78,6.35,2.74,0.0,4.77
1999,NC,Total Electric Industry,7.99,6.33,4.57,0.0,6.44
1999,ND,Total Electric Industry,6.5,6.19,4.04,0.0,5.49
1999,NE,Total Electric Industry,6.52,5.44,3.57,0.0,5.31
1999,NH,Total Electric Industry,13.64,11.18,9.19,0.0,11.6
1999,NJ,Total Electric Industry,11.4,9.73,7.67,0.0,9.98
1999,NM,Total Electric Industry,8.62,7.52,4.24,0.0,6.57
1999,NV,Total Electric Industry,7.13,6.66,4.77,0.0,5.93
1999,NY,Total Electric Industry,13.23,10.11,4.74,0.0,9.95
1999,OH,Total Electric Industry,8.68,7.67,4.33,0.0,6.4
1999,OK,Total Electric Industry,6.6,5.58,3.6,0.0,5.37
1999,OR,Total Electric Industry,5.75,4.94,3.48,0.0,4.83
1999,PA,Total Electric Industry,8.86,6.53,4.71,0.0,6.71
1999,RI,Total Electric Industry,10.12,7.73,7.31,0.0,8.62
1999,SC,Total Electric Industry,7.55,6.3,3.72,0.0,5.57
1999,SD,Total Electric Industry,7.42,6.7,4.55,0.0,6.35
1999,TN,Total Electric Industry,6.34,6.29,4.19,0.0,5.63
1999,TX,Total Electric Industry,7.55,6.52,3.97,0.0,6.04
1999,UT,Total Electric Industry,6.27,5.29,3.36,0.0,4.86
1999,VA,Total Electric Industry,7.48,5.55,3.84,0.0,5.86
1999,VT,Total Electric Industry,12.17,10.67,7.35,0.0,10.28
1999,WA,Total Electric Industry,5.1,4.86,2.65,0.0,4.01
1999,WI,Total Electric Industry,7.31,5.88,3.89,0.0,5.53
1999,WV,Total Electric Industry,6.27,5.53,3.8,0.0,5.09
1999,WY,Total Electric Industry,6.34,5.28,3.34,0.0,4.3
1999,US,Total Electric Industry,8.16,7.26,4.43,0.0,6.64
1999,AK,Full-Service Providers,11.16,9.2,7.32,0.0,9.78
1999,AL,Full-Service Providers,7.03,6.54,3.82,0.0,5.54
1999,AR,Full-Service Providers,7.43,5.82,4.12,0.0,5.68
1999,AZ,Full-Service Providers,8.53,7.51,5.04,0.0,7.23
1999,CA,Full-Service Providers,10.71,10.05,7.16,0.0,9.34
1999,CO,Full-Service Providers,7.38,5.61,4.38,0.0,5.95
1999,CT,Full-Service Providers,11.46,9.69,7.42,0.0,9.96
1999,DC,Full-Service Providers,8.0,7.47,4.59,0.0,7.45
1999,DE,Full-Service Providers,9.17,7.39,4.73,0.0,7.12
1999,FL,Full-Service Providers,7.73,6.22,4.77,0.0,6.85
1999,GA,Full-Service Providers,7.56,6.67,4.15,0.0,6.24
1999,HI,Full-Service Providers,14.3,12.74,9.7,0.0,11.97
1999,IA,Full-Service Providers,8.35,6.45,3.89,0.0,5.93
1999,ID,Full-Service Providers,5.26,4.2,2.74,0.0,3.98
1999,IL,Full-Service Providers,8.83,7.39,5.02,0.0,6.98
1999,IN,Full-Service Providers,6.96,6.05,3.89,0.0,5.29
1999,KS,Full-Service Providers,7.64,6.25,4.47,0.0,6.22
1999,KY,Full-Service Providers,5.58,5.27,2.99,0.0,4.17
1999,LA,Full-Service Providers,7.12,6.59,4.25,0.0,5.81
1999,MA,Full-Service Providers,10.09,8.9,7.75,0.0,9.16
1999,MD,Full-Service Providers,8.39,6.82,4.26,0.0,7.04
1999,ME,Full-Service Providers,13.07,10.51,6.42,0.0,9.77
1999,MI,Full-Service Providers,8.73,7.86,5.05,0.0,7.14
1999,MN,Full-Service Providers,7.41,6.31,4.56,0.0,5.83
1999,MO,Full-Service Providers,7.12,5.97,4.38,0.0,6.07
1999,MS,Full-Service Providers,6.75,6.19,4.02,0.0,5.65
1999,MT,Full-Service Providers,6.78,6.35,2.84,0.0,5.01
1999,NC,Full-Service Providers,7.99,6.33,4.57,0.0,6.44
1999,ND,Full-Service Providers,6.5,6.19,4.04,0.0,5.49
1999,NE,Full-Service Providers,6.52,5.44,3.57,0.0,5.31
1999,NH,Full-Service Providers,13.84,11.39,9.21,0.0,11.75
1999,NJ,Full-Service Providers,11.4,9.74,7.69,0.0,9.99
1999,NM,Full-Service Providers,8.62,7.53,4.25,0.0,6.58
1999,NV,Full-Service Providers,7.13,6.66,4.77,0.0,5.93
1999,NY,Full-Service Providers,13.32,11.19,4.77,0.0,10.4
1999,OH,Full-Service Providers,8.68,7.67,4.33,0.0,6.4
1999,OK,Full-Service Providers,6.6,5.58,3.6,0.0,5.37
1999,OR,Full-Service Providers,5.75,4.94,3.55,0.0,4.87
1999,PA,Full-Service Providers,9.19,7.9,5.22,0.0,7.67
1999,RI,Full-Service Providers,10.13,8.49,7.39,0.0,9.02
1999,SC,Full-Service Providers,7.55,6.3,3.72,0.0,5.57
1999,SD,Full-Service Providers,7.42,6.7,4.55,0.0,6.35
1999,TN,Full-Service Providers,6.34,6.29,4.19,0.0,5.63
1999,TX,Full-Service Providers,7.55,6.52,3.97,0.0,6.04
1999,UT,Full-Service Providers,6.27,5.29,3.36,0.0,4.86
1999,VA,Full-Service Providers,7.48,5.55,3.84,0.0,5.86
1999,VT,Full-Service Providers,12.17,10.67,7.35,0.0,10.28
1999,WA,Full-Service Providers,5.1,4.86,2.7,0.0,4.1
1999,WI,Full-Service Providers,7.31,5.88,3.89,0.0,5.53
1999,WV,Full-Service Providers,6.27,5.53,3.8,0.0,5.09
1999,WY,Full-Service Providers,6.34,5.28,3.34,0.0,4.3
1999,US,Full-Service Providers,8.16,7.26,4.43,0.0,6.66
1999,CA,Restructured Retail Service Providers,4.1,3.65,3.0,0.0,3.28
1999,DE,Restructured Retail Service Providers,0.0,4.81,3.17,0.0,3.3
1999,ID,Restructured Retail Service Providers,0.0,0.0,1.55,0.0,1.55
1999,IL,Restructured Retail Service Providers,5.0,2.42,2.14,0.0,2.23
1999,MA,Restructured Retail Service Providers,5.5,3.46,3.85,0.0,3.6
1999,MI,Restructured Retail Service Providers,0.0,0.93,2.94,0.0,2.8
1999,MO,Restructured Retail Service Providers,0.0,2.41,0.0,0.0,2.41
1999,MT,Restructured Retail Service Providers,0.0,0.0,2.25,0.0,2.25
1999,NH,Restructured Retail Service Providers,2.94,2.91,3.29,0.0,2.93
1999,NJ,Restructured Retail Service Providers,4.74,3.66,3.91,0.0,3.77
1999,NM,Restructured Retail Service Providers,2.69,2.69,2.71,0.0,2.71
1999,NY,Restructured Retail Service Providers,3.82,3.85,3.46,0.0,3.83
1999,OH,Restructured Retail Service Providers,0.0,0.0,0.0,0.0,151.19
1999,OR,Restructured Retail Service Providers,0.0,0.0,1.76,0.0,1.76
1999,PA,Restructured Retail Service Providers,4.15,3.89,3.86,0.0,3.9
1999,RI,Restructured Retail Service Providers,3.26,3.37,3.18,0.0,3.36
1999,WA,Restructured Retail Service Providers,0.0,0.0,2.23,0.0,2.23
1999,US,Restructured Retail Service Providers,8.17,7.26,4.43,0.0,5.81
1999,CA,Energy-Only Providers,4.1,3.65,3.0,0.0,3.28
1999,DE,Energy-Only Providers,0.0,4.81,3.17,0.0,3.3
1999,ID,Energy-Only Providers,0.0,0.0,1.55,0.0,1.55
1999,IL,Energy-Only Providers,5.0,2.42,2.14,0.0,2.23
1999,MA,Energy-Only Providers,5.5,3.46,3.85,0.0,3.6
1999,MI,Energy-Only Providers,0.0,0.93,2.94,0.0,2.8
1999,MO,Energy-Only Providers,0.0,2.41,0.0,0.0,2.41
1999,MT,Energy-Only Providers,0.0,0.0,2.25,0.0,2.25
1999,NH,Energy-Only Providers,2.94,2.91,3.29,0.0,2.93
1999,NJ,Energy-Only Providers,4.74,3.66,3.91,0.0,3.77
1999,NM,Energy-Only Providers,2.69,2.69,2.71,0.0,2.71
1999,NY,Energy-Only Providers,3.82,3.85,3.46,0.0,3.83
1999,OH,Energy-Only Providers,0.0,0.0,0.0,0.0,151.19
1999,OR,Energy-Only Providers,0.0,0.0,1.76,0.0,1.76
1999,PA,Energy-Only Providers,4.15,3.89,3.86,0.0,3.9
1999,RI,Energy-Only Providers,3.26,3.37,3.18,0.0,3.36
1999,WA,Energy-Only Providers,0.0,0.0,2.23,0.0,2.23
1999,US,Energy-Only Providers,8.17,7.26,4.43,0.0,5.81
1998,AK,Total Electric Industry,11.5,9.48,7.17,0.0,9.97
1998,AL,Total Electric Industry,6.94,6.54,3.89,0.0,5.56
1998,AR,Total Electric Industry,7.51,5.9,4.16,0.0,5.78
1998,AZ,Total Electric Industry,8.68,7.76,5.12,0.0,7.33
1998,CA,Total Electric Industry,10.6,9.66,6.59,0.0,9.03
1998,CO,Total Electric Industry,7.45,5.67,4.34,0.0,5.95
1998,CT,Total Electric Industry,11.95,10.01,7.7,0.0,10.3
1998,DC,Total Electric Industry,8.0,7.43,4.38,0.0,7.41
1998,DE,Total Electric Industry,9.13,7.07,4.65,0.0,6.88
1998,FL,Total Electric Industry,7.89,6.38,4.81,0.0,7.01
1998,GA,Total Electric Industry,7.67,7.01,4.23,0.0,6.4
1998,HI,Total Electric Industry,13.82,12.31,9.41,0.0,11.56
1998,IA,Total Electric Industry,8.38,6.67,3.99,0.0,6.04
1998,ID,Total Electric Industry,5.28,4.34,2.77,0.0,4.02
1998,IL,Total Electric Industry,9.85,7.77,5.11,0.0,7.46
1998,IN,Total Electric Industry,7.01,6.08,3.95,0.0,5.34
1998,KS,Total Electric Industry,7.65,6.34,4.46,0.0,6.28
1998,KY,Total Electric Industry,5.61,5.3,2.91,0.0,4.16
1998,LA,Total Electric Industry,7.07,6.56,4.15,0.0,5.78
1998,MA,Total Electric Industry,10.6,9.35,8.18,0.0,9.59
1998,MD,Total Electric Industry,8.44,6.82,4.14,0.0,6.99
1998,ME,Total Electric Industry,13.02,10.33,6.61,0.0,9.75
1998,MI,Total Electric Industry,8.67,7.81,5.03,0.0,7.09
1998,MN,Total Electric Industry,7.33,6.28,4.45,0.0,5.71
1998,MO,Total Electric Industry,7.08,5.99,4.43,0.0,6.08
1998,MS,Total Electric Industry,7.03,6.62,4.22,0.0,5.98
1998,MT,Total Electric Industry,6.5,5.87,3.19,0.0,4.8
1998,NC,Total Electric Industry,8.01,6.35,4.63,0.0,6.45
1998,ND,Total Electric Industry,6.49,6.2,4.3,0.0,5.7
1998,NE,Total Electric Industry,6.46,5.45,3.6,0.0,5.3
1998,NH,Total Electric Industry,13.92,11.64,9.42,0.0,11.93
1998,NJ,Total Electric Industry,11.39,10.09,7.94,0.0,10.17
1998,NM,Total Electric Industry,8.85,7.8,4.47,0.0,6.78
1998,NV,Total Electric Industry,7.0,6.5,4.57,0.0,5.76
1998,NY,Total Electric Industry,13.66,11.63,4.95,0.0,10.71
1998,OH,Total Electric Industry,8.7,7.67,4.3,0.0,6.38
1998,OK,Total Electric Industry,6.57,5.66,3.65,0.0,5.43
1998,OR,Total Electric Industry,5.82,5.0,3.5,0.0,4.9
1998,PA,Total Electric Industry,9.93,8.26,5.63,0.0,7.86
1998,RI,Total Electric Industry,10.91,9.26,7.61,0.0,9.58
1998,SC,Total Electric Industry,7.5,6.24,3.69,0.0,5.53
1998,SD,Total Electric Industry,7.27,6.62,4.44,0.0,6.26
1998,TN,Total Electric Industry,6.32,6.28,4.17,0.0,5.62
1998,TX,Total Electric Industry,7.65,6.57,3.94,0.0,6.07
1998,UT,Total Electric Industry,6.84,5.71,3.45,0.0,5.16
1998,VA,Total Electric Industry,7.51,5.61,3.82,0.0,5.88
1998,VT,Total Electric Industry,11.61,10.12,7.27,0.0,9.83
1998,WA,Total Electric Industry,5.03,4.81,2.64,0.0,4.03
1998,WI,Total Electric Industry,7.17,5.87,3.86,0.0,5.44
1998,WV,Total Electric Industry,6.29,5.56,3.78,0.0,5.07
1998,WY,Total Electric Industry,6.28,5.25,3.38,0.0,4.31
1998,US,Total Electric Industry,8.26,7.41,4.48,0.0,6.74
1998,AK,Full-Service Providers,11.5,9.48,7.17,0.0,9.97
1998,AL,Full-Service Providers,6.94,6.54,3.89,0.0,5.56
1998,AR,Full-Service Providers,7.51,5.9,4.16,0.0,5.78
1998,AZ,Full-Service Providers,8.68,7.76,5.12,0.0,7.33
1998,CA,Full-Service Providers,10.6,9.66,6.59,0.0,9.03
1998,CO,Full-Service Providers,7.45,5.67,4.34,0.0,5.95
1998,CT,Full-Service Providers,11.95,10.01,7.7,0.0,10.3
1998,DC,Full-Service Providers,8.0,7.43,4.38,0.0,7.41
1998,DE,Full-Service Providers,9.13,7.07,4.65,0.0,6.88
1998,FL,Full-Service Providers,7.89,6.38,4.81,0.0,7.01
1998,GA,Full-Service Providers,7.67,7.01,4.23,0.0,6.4
1998,HI,Full-Service Providers,13.82,12.31,9.41,0.0,11.56
1998,IA,Full-Service Providers,8.38,6.67,3.99,0.0,6.04
1998,ID,Full-Service Providers,5.28,4.34,2.77,0.0,4.02
1998,IL,Full-Service Providers,9.85,7.77,5.11,0.0,7.46
1998,IN,Full-Service Providers,7.01,6.08,3.95,0.0,5.34
1998,KS,Full-Service Providers,7.65,6.34,4.46,0.0,6.28
1998,KY,Full-Service Providers,5.61,5.3,2.91,0.0,4.16
1998,LA,Full-Service Providers,7.07,6.56,4.15,0.0,5.78
1998,MA,Full-Service Providers,10.6,9.35,8.18,0.0,9.59
1998,MD,Full-Service Providers,8.44,6.82,4.14,0.0,6.99
1998,ME,Full-Service Providers,13.02,10.33,6.61,0.0,9.75
1998,MI,Full-Service Providers,8.67,7.81,5.03,0.0,7.09
1998,MN,Full-Service Providers,7.33,6.28,4.45,0.0,5.71
1998,MO,Full-Service Providers,7.08,5.99,4.43,0.0,6.08
1998,MS,Full-Service Providers,7.03,6.62,4.22,0.0,5.98
1998,MT,Full-Service Providers,6.5,5.87,3.19,0.0,4.8
1998,NC,Full-Service Providers,8.01,6.35,4.63,0.0,6.45
1998,ND,Full-Service Providers,6.49,6.2,4.3,0.0,5.7
1998,NE,Full-Service Providers,6.46,5.45,3.6,0.0,5.3
1998,NH,Full-Service Providers,13.92,11.64,9.42,0.0,11.93
1998,NJ,Full-Service Providers,11.39,10.09,7.94,0.0,10.17
1998,NM,Full-Service Providers,8.85,7.8,4.47,0.0,6.78
1998,NV,Full-Service Providers,7.0,6.5,4.57,0.0,5.76
1998,NY,Full-Service Providers,13.66,11.63,4.95,0.0,10.71
1998,OH,Full-Service Providers,8.7,7.67,4.3,0.0,6.38
1998,OK,Full-Service Providers,6.57,5.66,3.65,0.0,5.43
1998,OR,Full-Service Providers,5.82,5.0,3.5,0.0,4.9
1998,PA,Full-Service Providers,9.93,8.26,5.63,0.0,7.86
1998,RI,Full-Service Providers,10.91,9.26,7.61,0.0,9.58
1998,SC,Full-Service Providers,7.5,6.24,3.69,0.0,5.53
1998,SD,Full-Service Providers,7.27,6.62,4.44,0.0,6.26
1998,TN,Full-Service Providers,6.32,6.28,4.17,0.0,5.62
1998,TX,Full-Service Providers,7.65,6.57,3.94,0.0,6.07
1998,UT,Full-Service Providers,6.84,5.71,3.45,0.0,5.16
1998,VA,Full-Service Providers,7.51,5.61,3.82,0.0,5.88
1998,VT,Full-Service Providers,11.61,10.12,7.27,0.0,9.83
1998,WA,Full-Service Providers,5.03,4.81,2.64,0.0,4.03
1998,WI,Full-Service Providers,7.17,5.87,3.86,0.0,5.44
1998,WV,Full-Service Providers,6.29,5.56,3.78,0.0,5.07
1998,WY,Full-Service Providers,6.28,5.25,3.38,0.0,4.31
1998,US,Full-Service Providers,8.26,7.41,4.48,0.0,6.74
1998,CA,Restructured Retail Service Providers,8.26,7.41,4.48,0.0,6.63
1998,ID,Restructured Retail Service Providers,0.0,0.0,4.48,0.0,4.48
1998,IL,Restructured Retail Service Providers,8.26,7.41,4.48,0.0,5.34
1998,MO,Restructured Retail Service Providers,0.0,7.41,0.0,0.0,7.41
1998,MT,Restructured Retail Service Providers,0.0,0.0,4.48,0.0,4.48
1998,NH,Restructured Retail Service Providers,8.26,7.41,4.48,0.0,7.1
1998,NY,Restructured Retail Service Providers,8.26,7.41,4.48,0.0,7.38
1998,OR,Restructured Retail Service Providers,8.26,7.41,4.48,0.0,4.9
1998,PA,Restructured Retail Service Providers,8.26,7.41,4.48,0.0,6.76
1998,RI,Restructured Retail Service Providers,8.26,0.0,4.48,0.0,4.56
1998,WA,Restructured Retail Service Providers,0.0,7.41,4.48,0.0,4.49
1998,US,Restructured Retail Service Providers,8.26,7.41,4.48,0.0,6.15
1998,CA,Energy-Only Providers,8.26,7.41,4.48,0.0,6.63
1998,ID,Energy-Only Providers,0.0,0.0,4.48,0.0,4.48
1998,IL,Energy-Only Providers,8.26,7.41,4.48,0.0,5.34
1998,MO,Energy-Only Providers,0.0,7.41,0.0,0.0,7.41
1998,MT,Energy-Only Providers,0.0,0.0,4.48,0.0,4.48
1998,NH,Energy-Only Providers,8.26,7.41,4.48,0.0,7.1
1998,NY,Energy-Only Providers,8.26,7.41,4.48,0.0,7.38
1998,OR,Energy-Only Providers,8.26,7.41,4.48,0.0,4.9
1998,PA,Energy-Only Providers,8.26,7.41,4.48,0.0,6.76
1998,RI,Energy-Only Providers,8.26,0.0,4.48,0.0,4.56
1998,WA,Energy-Only Providers,0.0,7.41,4.48,0.0,4.49
1998,US,Energy-Only Providers,8.26,7.41,4.48,0.0,6.15
1997,AK,Total Electric Industry,11.44,9.51,7.48,0.0,10.07
1997,AL,Total Electric Industry,6.74,6.34,3.71,0.0,5.33
1997,AR,Total Electric Industry,7.8,6.78,4.45,0.0,6.15
1997,AZ,Total Electric Industry,8.82,7.83,5.05,0.0,7.38
1997,CA,Total Electric Industry,11.5,9.98,6.95,0.0,9.54
1997,CO,Total Electric Industry,7.42,5.77,4.28,0.0,5.95
1997,CT,Total Electric Industry,12.13,10.28,7.76,0.0,10.52
1997,DC,Total Electric Industry,7.87,7.43,4.42,0.0,7.39
1997,DE,Total Electric Industry,9.22,7.19,4.82,0.0,7.0
1997,FL,Total Electric Industry,8.08,6.62,5.04,0.0,7.19
1997,GA,Total Electric Industry,7.74,7.11,4.13,0.0,6.37
1997,HI,Total Electric Industry,14.8,13.26,10.32,0.0,12.49
1997,IA,Total Electric Industry,8.21,6.61,3.95,0.0,5.97
1997,ID,Total Electric Industry,5.15,4.17,2.6,0.0,3.87
1997,IL,Total Electric Industry,10.43,7.93,5.29,0.0,7.71
1997,IN,Total Electric Industry,6.94,6.04,3.91,0.0,5.29
1997,KS,Total Electric Industry,7.71,6.47,4.51,0.0,6.31
1997,KY,Total Electric Industry,5.58,5.29,2.8,0.0,4.03
1997,LA,Total Electric Industry,7.39,6.99,4.39,0.0,5.99
1997,MA,Total Electric Industry,11.59,10.29,8.78,0.0,10.48
1997,MD,Total Electric Industry,8.33,6.86,4.21,0.0,6.98
1997,ME,Total Electric Industry,12.75,10.39,6.36,0.0,9.51
1997,MI,Total Electric Industry,8.57,7.84,4.97,0.0,7.04
1997,MN,Total Electric Industry,7.23,6.23,4.33,0.0,5.61
1997,MO,Total Electric Industry,7.09,6.0,4.46,0.0,6.09
1997,MS,Total Electric Industry,7.02,6.69,4.12,0.0,5.91
1997,MT,Total Electric Industry,6.4,5.8,3.66,0.0,5.2
1997,NC,Total Electric Industry,8.03,6.43,4.71,0.0,6.48
1997,ND,Total Electric Industry,6.27,6.15,4.38,0.0,5.65
1997,NE,Total Electric Industry,6.38,5.46,3.61,0.0,5.3
1997,NH,Total Electric Industry,13.67,11.35,9.06,0.0,11.66
1997,NJ,Total Electric Industry,12.08,10.35,8.11,0.0,10.54
1997,NM,Total Electric Industry,8.92,7.92,4.42,0.0,6.8
1997,NV,Total Electric Industry,6.77,6.31,4.48,0.0,5.6
1997,NY,Total Electric Industry,14.12,12.13,5.2,0.0,11.13
1997,OH,Total Electric Industry,8.63,7.67,4.16,0.0,6.25
1997,OK,Total Electric Industry,6.63,5.73,3.63,0.0,5.42
1997,OR,Total Electric Industry,5.56,4.97,3.23,0.0,4.61
1997,PA,Total Electric Industry,9.9,8.41,5.89,0.0,7.99
1997,RI,Total Electric Industry,12.12,10.4,8.52,0.0,10.7
1997,SC,Total Electric Industry,7.51,6.33,3.71,0.0,5.5
1997,SD,Total Electric Industry,7.08,6.63,4.42,0.0,6.22
1997,TN,Total Electric Industry,6.03,5.91,3.81,0.0,5.31
1997,TX,Total Electric Industry,7.82,6.74,4.05,0.0,6.17
1997,UT,Total Electric Industry,6.89,5.72,3.49,0.0,5.17
1997,VA,Total Electric Industry,7.75,5.97,4.0,0.0,6.14
1997,VT,Total Electric Industry,11.45,10.33,7.44,0.0,9.89
1997,WA,Total Electric Industry,4.95,4.79,2.59,0.0,4.04
1997,WI,Total Electric Industry,6.88,5.6,3.72,0.0,5.22
1997,WV,Total Electric Industry,6.26,5.54,3.71,0.0,5.02
1997,WY,Total Electric Industry,6.22,5.27,3.46,0.0,4.33
1997,US,Total Electric Industry,8.43,7.59,4.53,0.0,6.85
1997,AK,Full-Service Providers,11.44,9.51,7.48,0.0,10.07
1997,AL,Full-Service Providers,6.74,6.34,3.71,0.0,5.33
1997,AR,Full-Service Providers,7.8,6.78,4.45,0.0,6.15
1997,AZ,Full-Service Providers,8.82,7.83,5.05,0.0,7.38
1997,CA,Full-Service Providers,11.5,9.98,6.95,0.0,9.54
1997,CO,Full-Service Providers,7.42,5.77,4.28,0.0,5.95
1997,CT,Full-Service Providers,12.13,10.28,7.76,0.0,10.52
1997,DC,Full-Service Providers,7.87,7.43,4.42,0.0,7.39
1997,DE,Full-Service Providers,9.22,7.19,4.82,0.0,7.0
1997,FL,Full-Service Providers,8.08,6.62,5.04,0.0,7.19
1997,GA,Full-Service Providers,7.74,7.11,4.13,0.0,6.37
1997,HI,Full-Service Providers,14.8,13.26,10.32,0.0,12.49
1997,IA,Full-Service Providers,8.21,6.61,3.95,0.0,5.97
1997,ID,Full-Service Providers,5.15,4.17,2.6,0.0,3.87
1997,IL,Full-Service Providers,10.43,7.93,5.29,0.0,7.71
1997,IN,Full-Service Providers,6.94,6.04,3.91,0.0,5.29
1997,KS,Full-Service Providers,7.71,6.47,4.51,0.0,6.31
1997,KY,Full-Service Providers,5.58,5.29,2.8,0.0,4.03
1997,LA,Full-Service Providers,7.39,6.99,4.39,0.0,5.99
1997,MA,Full-Service Providers,11.59,10.29,8.78,0.0,10.48
1997,MD,Full-Service Providers,8.33,6.86,4.21,0.0,6.98
1997,ME,Full-Service Providers,12.75,10.39,6.36,0.0,9.51
1997,MI,Full-Service Providers,8.57,7.84,4.97,0.0,7.04
1997,MN,Full-Service Providers,7.23,6.23,4.33,0.0,5.61
1997,MO,Full-Service Providers,7.09,6.0,4.46,0.0,6.09
1997,MS,Full-Service Providers,7.02,6.69,4.12,0.0,5.91
1997,MT,Full-Service Providers,6.4,5.8,3.66,0.0,5.2
1997,NC,Full-Service Providers,8.03,6.43,4.71,0.0,6.48
1997,ND,Full-Service Providers,6.27,6.15,4.38,0.0,5.65
1997,NE,Full-Service Providers,6.38,5.46,3.61,0.0,5.3
1997,NH,Full-Service Providers,13.67,11.35,9.06,0.0,11.66
1997,NJ,Full-Service Providers,12.08,10.35,8.11,0.0,10.54
1997,NM,Full-Service Providers,8.92,7.92,4.42,0.0,6.8
1997,NV,Full-Service Providers,6.77,6.31,4.48,0.0,5.6
1997,NY,Full-Service Providers,14.12,12.13,5.2,0.0,11.13
1997,OH,Full-Service Providers,8.63,7.67,4.16,0.0,6.25
1997,OK,Full-Service Providers,6.63,5.73,3.63,0.0,5.42
1997,OR,Full-Service Providers,5.56,4.97,3.23,0.0,4.61
1997,PA,Full-Service Providers,9.9,8.41,5.89,0.0,7.99
1997,RI,Full-Service Providers,12.12,10.4,8.52,0.0,10.7
1997,SC,Full-Service Providers,7.51,6.33,3.71,0.0,5.5
1997,SD,Full-Service Providers,7.08,6.63,4.42,0.0,6.22
1997,TN,Full-Service Providers,6.03,5.91,3.81,0.0,5.31
1997,TX,Full-Service Providers,7.82,6.74,4.05,0.0,6.17
1997,UT,Full-Service Providers,6.89,5.72,3.49,0.0,5.17
1997,VA,Full-Service Providers,7.75,5.97,4.0,0.0,6.14
1997,VT,Full-Service Providers,11.45,10.33,7.44,0.0,9.89
1997,WA,Full-Service Providers,4.95,4.79,2.59,0.0,4.04
1997,WI,Full-Service Providers,6.88,5.6,3.72,0.0,5.22
1997,WV,Full-Service Providers,6.26,5.54,3.71,0.0,5.02
1997,WY,Full-Service Providers,6.22,5.27,3.46,0.0,4.33
1997,US,Full-Service Providers,8.43,7.59,4.53,0.0,6.85
1997,CA,Restructured Retail Service Providers,0.0,7.59,0.0,0.0,7.59
1997,ID,Restructured Retail Service Providers,0.0,0.0,4.53,0.0,4.53
1997,IL,Restructured Retail Service Providers,8.43,7.59,4.53,0.0,4.82
1997,MA,Restructured Retail Service Providers,8.43,0.0,4.53,0.0,4.6
1997,MO,Restructured Retail Service Providers,0.0,7.59,0.0,0.0,7.59
1997,NH,Restructured Retail Service Providers,8.43,7.59,4.53,0.0,6.61
1997,NY,Restructured Retail Service Providers,8.43,7.59,4.53,0.0,6.59
1997,OR,Restructured Retail Service Providers,0.0,7.59,4.53,0.0,4.53
1997,PA,Restructured Retail Service Providers,8.43,7.59,4.53,0.0,6.27
1997,RI,Restructured Retail Service Providers,0.0,7.59,4.53,0.0,7.24
1997,WA,Restructured Retail Service Providers,0.0,7.59,4.53,0.0,4.55
1997,US,Restructured Retail Service Providers,8.43,7.59,4.53,0.0,4.71
1997,CA,Energy-Only Providers,0.0,7.59,0.0,0.0,7.59
1997,ID,Energy-Only Providers,0.0,0.0,4.53,0.0,4.53
1997,IL,Energy-Only Providers,8.43,7.59,4.53,0.0,4.82
1997,MA,Energy-Only Providers,8.43,0.0,4.53,0.0,4.6
1997,MO,Energy-Only Providers,0.0,7.59,0.0,0.0,7.59
1997,NH,Energy-Only Providers,8.43,7.59,4.53,0.0,6.61
1997,NY,Energy-Only Providers,8.43,7.59,4.53,0.0,6.59
1997,OR,Energy-Only Providers,0.0,7.59,4.53,0.0,4.53
1997,PA,Energy-Only Providers,8.43,7.59,4.53,0.0,6.27
1997,RI,Energy-Only Providers,0.0,7.59,4.53,0.0,7.24
1997,WA,Energy-Only Providers,0.0,7.59,4.53,0.0,4.55
1997,US,Energy-Only Providers,8.43,7.59,4.53,0.0,4.71
1996,AK,Total Electric Industry,11.36,9.58,8.47,0.0,10.24
1996,AL,Total Electric Industry,6.63,6.49,3.9,0.0,5.35
1996,AR,Total Electric Industry,7.77,6.74,4.47,0.0,6.15
1996,AZ,Total Electric Industry,8.95,7.97,5.19,0.0,7.54
1996,CA,Total Electric Industry,11.33,9.83,6.97,0.0,9.48
1996,CO,Total Electric Industry,7.49,5.93,4.35,0.0,6.05
1996,CT,Total Electric Industry,12.05,10.29,7.86,0.0,10.51
1996,DC,Total Electric Industry,7.77,7.4,4.36,0.0,7.35
1996,DE,Total Electric Industry,8.97,7.0,4.68,0.0,6.88
1996,FL,Total Electric Industry,7.99,6.63,5.11,0.0,7.18
1996,GA,Total Electric Industry,7.66,7.17,4.29,0.0,6.43
1996,HI,Total Electric Industry,14.26,12.99,10.03,0.0,12.12
1996,IA,Total Electric Industry,8.16,6.53,3.91,0.0,5.94
1996,ID,Total Electric Industry,5.28,4.26,2.68,0.0,3.96
1996,IL,Total Electric Industry,10.34,7.97,5.24,0.0,7.69
1996,IN,Total Electric Industry,6.77,5.94,3.93,0.0,5.23
1996,KS,Total Electric Industry,7.86,6.67,4.7,0.0,6.52
1996,KY,Total Electric Industry,5.55,5.19,2.92,0.0,4.03
1996,LA,Total Electric Industry,7.55,7.12,4.32,0.0,6.07
1996,MA,Total Electric Industry,11.25,9.94,8.43,0.0,10.13
1996,MD,Total Electric Industry,8.26,6.83,4.15,0.0,6.96
1996,ME,Total Electric Industry,12.58,10.35,6.26,0.0,9.46
1996,MI,Total Electric Industry,8.47,7.94,5.08,0.0,7.1
1996,MN,Total Electric Industry,7.13,6.14,4.26,0.0,5.54
1996,MO,Total Electric Industry,7.08,6.04,4.44,0.0,6.11
1996,MS,Total Electric Industry,7.04,7.09,4.41,0.0,6.01
1996,MT,Total Electric Industry,6.22,5.51,3.3,0.0,4.72
1996,NC,Total Electric Industry,8.05,6.39,4.79,0.0,6.53
1996,ND,Total Electric Industry,6.19,6.07,4.44,0.0,5.65
1996,NE,Total Electric Industry,6.29,5.49,3.68,0.0,5.32
1996,NH,Total Electric Industry,13.44,11.32,9.16,0.0,11.59
1996,NJ,Total Electric Industry,11.99,10.32,8.15,0.0,10.5
1996,NM,Total Electric Industry,8.93,7.93,4.35,0.0,6.76
1996,NV,Total Electric Industry,6.9,6.61,4.9,0.0,5.95
1996,NY,Total Electric Industry,14.04,12.08,5.62,0.0,11.13
1996,OH,Total Electric Industry,8.6,7.71,4.21,0.0,6.3
1996,OK,Total Electric Industry,6.71,5.8,3.78,0.0,5.56
1996,OR,Total Electric Industry,5.69,5.15,3.41,0.0,4.77
1996,PA,Total Electric Industry,9.73,8.34,5.93,0.0,7.96
1996,RI,Total Electric Industry,11.81,10.14,8.51,0.0,10.48
1996,SC,Total Electric Industry,7.5,6.38,3.89,0.0,5.67
1996,SD,Total Electric Industry,7.0,6.57,4.45,0.0,6.18
1996,TN,Total Electric Industry,5.88,6.64,4.52,0.0,5.24
1996,TX,Total Electric Industry,7.77,6.71,4.03,0.0,6.16
1996,UT,Total Electric Industry,6.96,5.9,3.7,0.0,5.28
1996,VA,Total Electric Industry,7.6,5.91,3.99,0.0,6.09
1996,VT,Total Electric Industry,10.99,10.14,7.58,0.0,9.74
1996,WA,Total Electric Industry,5.03,4.88,2.85,0.0,4.19
1996,WI,Total Electric Industry,6.88,5.68,3.66,0.0,5.25
1996,WV,Total Electric Industry,6.38,5.71,3.91,0.0,5.21
1996,WY,Total Electric Industry,6.13,5.08,3.45,0.0,4.31
1996,US,Total Electric Industry,8.36,7.64,4.6,0.0,6.86
1996,AK,Full-Service Providers,11.36,9.58,8.47,0.0,10.24
1996,AL,Full-Service Providers,6.63,6.49,3.9,0.0,5.35
1996,AR,Full-Service Providers,7.77,6.74,4.47,0.0,6.15
1996,AZ,Full-Service Providers,8.95,7.97,5.19,0.0,7.54
1996,CA,Full-Service Providers,11.33,9.83,6.97,0.0,9.48
1996,CO,Full-Service Providers,7.49,5.93,4.35,0.0,6.05
1996,CT,Full-Service Providers,12.05,10.29,7.86,0.0,10.51
1996,DC,Full-Service Providers,7.77,7.4,4.36,0.0,7.35
1996,DE,Full-Service Providers,8.97,7.0,4.68,0.0,6.88
1996,FL,Full-Service Providers,7.99,6.63,5.11,0.0,7.18
1996,GA,Full-Service Providers,7.66,7.17,4.29,0.0,6.43
1996,HI,Full-Service Providers,14.26,12.99,10.03,0.0,12.12
1996,IA,Full-Service Providers,8.16,6.53,3.91,0.0,5.94
1996,ID,Full-Service Providers,5.28,4.26,2.68,0.0,3.96
1996,IL,Full-Service Providers,10.34,7.97,5.24,0.0,7.69
1996,IN,Full-Service Providers,6.77,5.94,3.93,0.0,5.23
1996,KS,Full-Service Providers,7.86,6.67,4.7,0.0,6.52
1996,KY,Full-Service Providers,5.55,5.19,2.92,0.0,4.03
1996,LA,Full-Service Providers,7.55,7.12,4.32,0.0,6.07
1996,MA,Full-Service Providers,11.25,9.94,8.43,0.0,10.13
1996,MD,Full-Service Providers,8.26,6.83,4.15,0.0,6.96
1996,ME,Full-Service Providers,12.58,10.35,6.26,0.0,9.46
1996,MI,Full-Service Providers,8.47,7.94,5.08,0.0,7.1
1996,MN,Full-Service Providers,7.13,6.14,4.26,0.0,5.54
1996,MO,Full-Service Providers,7.08,6.04,4.44,0.0,6.11
1996,MS,Full-Service Providers,7.04,7.09,4.41,0.0,6.01
1996,MT,Full-Service Providers,6.22,5.51,3.3,0.0,4.72
1996,NC,Full-Service Providers,8.05,6.39,4.79,0.0,6.53
1996,ND,Full-Service Providers,6.19,6.07,4.44,0.0,5.65
1996,NE,Full-Service Providers,6.29,5.49,3.68,0.0,5.32
1996,NH,Full-Service Providers,13.44,11.32,9.16,0.0,11.59
1996,NJ,Full-Service Providers,11.99,10.32,8.15,0.0,10.5
1996,NM,Full-Service Providers,8.93,7.93,4.35,0.0,6.76
1996,NV,Full-Service Providers,6.9,6.61,4.9,0.0,5.95
1996,NY,Full-Service Providers,14.04,12.08,5.62,0.0,11.13
1996,OH,Full-Service Providers,8.6,7.71,4.21,0.0,6.3
1996,OK,Full-Service Providers,6.71,5.8,3.78,0.0,5.56
1996,OR,Full-Service Providers,5.69,5.15,3.41,0.0,4.77
1996,PA,Full-Service Providers,9.73,8.34,5.93,0.0,7.96
1996,RI,Full-Service Providers,11.81,10.14,8.51,0.0,10.48
1996,SC,Full-Service Providers,7.5,6.38,3.89,0.0,5.67
1996,SD,Full-Service Providers,7.0,6.57,4.45,0.0,6.18
1996,TN,Full-Service Providers,5.88,6.64,4.52,0.0,5.24
1996,TX,Full-Service Providers,7.77,6.71,4.03,0.0,6.16
1996,UT,Full-Service Providers,6.96,5.9,3.7,0.0,5.28
1996,VA,Full-Service Providers,7.6,5.91,3.99,0.0,6.09
1996,VT,Full-Service Providers,10.99,10.14,7.58,0.0,9.74
1996,WA,Full-Service Providers,5.03,4.88,2.85,0.0,4.19
1996,WI,Full-Service Providers,6.88,5.68,3.66,0.0,5.25
1996,WV,Full-Service Providers,6.38,5.71,3.91,0.0,5.21
1996,WY,Full-Service Providers,6.13,5.08,3.45,0.0,4.31
1996,US,Full-Service Providers,8.36,7.64,4.6,0.0,6.86
1996,US,Restructured Retail Service Providers,9.43,9.75,4.61,0.0,4.64
1996,US,Energy-Only Providers,9.43,9.75,4.61,0.0,4.64
1995,AK,Total Electric Industry,11.24,9.54,8.38,0.0,10.17
1995,AL,Total Electric Industry,6.71,6.73,4.05,0.0,5.47
1995,AR,Total Electric Industry,7.98,6.83,4.51,0.0,6.27
1995,AZ,Total Electric Industry,9.09,8.06,5.26,0.0,7.62
1995,CA,Total Electric Industry,11.61,10.49,7.37,0.0,9.91
1995,CO,Total Electric Industry,7.42,6.07,4.52,0.0,6.12
1995,CT,Total Electric Industry,11.95,10.33,7.94,0.0,10.5
1995,DC,Total Electric Industry,7.62,7.15,4.36,0.0,7.12
1995,DE,Total Electric Industry,9.09,7.08,4.72,0.0,6.91
1995,FL,Total Electric Industry,7.82,6.39,5.16,0.0,7.01
1995,GA,Total Electric Industry,7.85,7.32,4.52,0.0,6.62
1995,HI,Total Electric Industry,13.32,12.16,9.27,0.0,11.29
1995,IA,Total Electric Industry,8.24,6.44,3.94,0.0,6.03
1995,ID,Total Electric Industry,5.33,4.48,2.81,0.0,4.09
1995,IL,Total Electric Industry,10.37,7.88,5.27,0.0,7.69
1995,IN,Total Electric Industry,6.74,5.92,3.94,0.0,5.24
1995,KS,Total Electric Industry,7.92,6.68,4.82,0.0,6.56
1995,KY,Total Electric Industry,5.62,5.25,2.93,0.0,4.07
1995,LA,Total Electric Industry,7.23,6.77,3.97,0.0,5.75
1995,MA,Total Electric Industry,11.26,9.93,8.41,0.0,10.12
1995,MD,Total Electric Industry,8.43,6.91,4.23,0.0,7.06
1995,ME,Total Electric Industry,12.51,10.28,6.65,0.0,9.49
1995,MI,Total Electric Industry,8.34,7.86,5.13,0.0,7.05
1995,MN,Total Electric Industry,7.17,6.19,4.3,0.0,5.58
1995,MO,Total Electric Industry,7.25,6.18,4.53,0.0,6.25
1995,MS,Total Electric Industry,6.99,7.01,4.44,0.0,5.98
1995,MT,Total Electric Industry,6.09,5.31,3.44,0.0,4.65
1995,NC,Total Electric Industry,8.12,6.47,4.85,0.0,6.58
1995,ND,Total Electric Industry,6.23,6.2,4.5,0.0,5.71
1995,NE,Total Electric Industry,6.37,5.56,3.84,0.0,5.4
1995,NH,Total Electric Industry,13.5,11.38,9.56,0.0,11.72
1995,NJ,Total Electric Industry,11.98,10.23,8.15,0.0,10.44
1995,NM,Total Electric Industry,8.93,7.91,4.4,0.0,6.77
1995,NV,Total Electric Industry,7.11,6.75,5.05,0.0,6.1
1995,NY,Total Electric Industry,13.9,11.92,5.79,0.0,11.06
1995,OH,Total Electric Industry,8.6,7.68,4.17,0.0,6.24
1995,OK,Total Electric Industry,6.82,5.78,3.75,0.0,5.57
1995,OR,Total Electric Industry,5.49,5.06,3.47,0.0,4.67
1995,PA,Total Electric Industry,9.72,8.33,5.92,0.0,7.93
1995,RI,Total Electric Industry,11.47,10.08,8.87,0.0,10.38
1995,SC,Total Electric Industry,7.53,6.35,4.0,0.0,5.69
1995,SD,Total Electric Industry,7.08,6.55,4.43,0.0,6.2
1995,TN,Total Electric Industry,5.91,6.65,4.5,0.0,5.21
1995,TX,Total Electric Industry,7.71,6.64,3.98,0.0,6.1
1995,UT,Total Electric Industry,6.94,5.92,3.72,0.0,5.3
1995,VA,Total Electric Industry,7.84,6.07,4.16,0.0,6.26
1995,VT,Total Electric Industry,10.52,9.8,7.56,0.0,9.46
1995,WA,Total Electric Industry,4.97,4.82,2.96,0.0,4.1
1995,WI,Total Electric Industry,6.97,5.78,3.78,0.0,5.36
1995,WV,Total Electric Industry,6.5,5.86,4.03,0.0,5.34
1995,WY,Total Electric Industry,6.09,5.11,3.5,0.0,4.32
1995,US,Total Electric Industry,8.4,7.69,4.66,0.0,6.89
1995,AK,Full-Service Providers,11.24,9.54,8.38,0.0,10.17
1995,AL,Full-Service Providers,6.71,6.73,4.05,0.0,5.47
1995,AR,Full-Service Providers,7.98,6.83,4.51,0.0,6.27
1995,AZ,Full-Service Providers,9.09,8.06,5.26,0.0,7.62
1995,CA,Full-Service Providers,11.61,10.49,7.37,0.0,9.91
1995,CO,Full-Service Providers,7.42,6.07,4.52,0.0,6.12
1995,CT,Full-Service Providers,11.95,10.33,7.94,0.0,10.5
1995,DC,Full-Service Providers,7.62,7.15,4.36,0.0,7.12
1995,DE,Full-Service Providers,9.09,7.08,4.72,0.0,6.91
1995,FL,Full-Service Providers,7.82,6.39,5.16,0.0,7.01
1995,GA,Full-Service Providers,7.85,7.32,4.52,0.0,6.62
1995,HI,Full-Service Providers,13.32,12.16,9.27,0.0,11.29
1995,IA,Full-Service Providers,8.24,6.44,3.94,0.0,6.03
1995,ID,Full-Service Providers,5.33,4.48,2.81,0.0,4.09
1995,IL,Full-Service Providers,10.37,7.88,5.27,0.0,7.69
1995,IN,Full-Service Providers,6.74,5.92,3.94,0.0,5.24
1995,KS,Full-Service Providers,7.92,6.68,4.82,0.0,6.56
1995,KY,Full-Service Providers,5.62,5.25,2.93,0.0,4.07
1995,LA,Full-Service Providers,7.23,6.77,3.97,0.0,5.75
1995,MA,Full-Service Providers,11.26,9.93,8.41,0.0,10.12
1995,MD,Full-Service Providers,8.43,6.91,4.23,0.0,7.06
1995,ME,Full-Service Providers,12.51,10.28,6.65,0.0,9.49
1995,MI,Full-Service Providers,8.34,7.86,5.13,0.0,7.05
1995,MN,Full-Service Providers,7.17,6.19,4.3,0.0,5.58
1995,MO,Full-Service Providers,7.25,6.18,4.53,0.0,6.25
1995,MS,Full-Service Providers,6.99,7.01,4.44,0.0,5.98
1995,MT,Full-Service Providers,6.09,5.31,3.44,0.0,4.65
1995,NC,Full-Service Providers,8.12,6.47,4.85,0.0,6.58
1995,ND,Full-Service Providers,6.23,6.2,4.5,0.0,5.71
1995,NE,Full-Service Providers,6.37,5.56,3.84,0.0,5.4
1995,NH,Full-Service Providers,13.5,11.38,9.56,0.0,11.72
1995,NJ,Full-Service Providers,11.98,10.23,8.15,0.0,10.44
1995,NM,Full-Service Providers,8.93,7.91,4.4,0.0,6.77
1995,NV,Full-Service Providers,7.11,6.75,5.05,0.0,6.1
1995,NY,Full-Service Providers,13.9,11.92,5.79,0.0,11.06
1995,OH,Full-Service Providers,8.6,7.68,4.17,0.0,6.24
1995,OK,Full-Service Providers,6.82,5.78,3.75,0.0,5.57
1995,OR,Full-Service Providers,5.49,5.06,3.47,0.0,4.67
1995,PA,Full-Service Providers,9.72,8.33,5.92,0.0,7.93
1995,RI,Full-Service Providers,11.47,10.08,8.87,0.0,10.38
1995,SC,Full-Service Providers,7.53,6.35,4.0,0.0,5.69
1995,SD,Full-Service Providers,7.08,6.55,4.43,0.0,6.2
1995,TN,Full-Service Providers,5.91,6.65,4.5,0.0,5.21
1995,TX,Full-Service Providers,7.71,6.64,3.98,0.0,6.1
1995,UT,Full-Service Providers,6.94,5.92,3.72,0.0,5.3
1995,VA,Full-Service Providers,7.84,6.07,4.16,0.0,6.26
1995,VT,Full-Service Providers,10.52,9.8,7.56,0.0,9.46
1995,WA,Full-Service Providers,4.97,4.82,2.96,0.0,4.1
1995,WI,Full-Service Providers,6.97,5.78,3.78,0.0,5.36
1995,WV,Full-Service Providers,6.5,5.86,4.03,0.0,5.34
1995,WY,Full-Service Providers,6.09,5.11,3.5,0.0,4.32
1995,US,Full-Service Providers,8.4,7.69,4.66,0.0,6.89
1994,AK,Total Electric Industry,11.32,9.66,8.37,0.0,10.25
1994,AL,Total Electric Industry,6.69,6.76,4.12,0.0,5.48
1994,AR,Total Electric Industry,8.07,6.88,4.6,0.0,6.35
1994,AZ,Total Electric Industry,9.3,8.32,5.63,0.0,7.93
1994,CA,Total Electric Industry,11.43,10.9,7.09,0.0,9.78
1994,CO,Total Electric Industry,7.36,6.0,4.58,0.0,6.07
1994,CT,Total Electric Industry,11.47,9.99,7.9,0.0,10.18
1994,DC,Total Electric Industry,7.47,7.15,4.63,0.0,7.12
1994,DE,Total Electric Industry,8.91,7.0,4.62,0.0,6.78
1994,FL,Total Electric Industry,7.78,6.35,5.13,0.0,6.96
1994,GA,Total Electric Industry,7.72,7.33,4.57,0.0,6.57
1994,HI,Total Electric Industry,12.45,11.67,8.82,0.0,10.68
1994,IA,Total Electric Industry,8.09,6.32,3.88,0.0,5.92
1994,ID,Total Electric Industry,5.09,4.37,2.82,0.0,4.0
1994,IL,Total Electric Industry,9.98,7.68,5.18,0.0,7.41
1994,IN,Total Electric Industry,6.78,5.91,3.97,0.0,5.25
1994,KS,Total Electric Industry,7.89,6.66,4.93,0.0,6.61
1994,KY,Total Electric Industry,5.77,5.29,3.24,0.0,4.26
1994,LA,Total Electric Industry,7.61,7.2,4.22,0.0,6.05
1994,MA,Total Electric Industry,11.09,9.75,8.46,0.0,10.0
1994,MD,Total Electric Industry,8.39,7.19,5.3,0.0,7.03
1994,ME,Total Electric Industry,12.32,10.16,7.18,0.0,9.63
1994,MI,Total Electric Industry,8.28,7.93,5.25,0.0,7.09
1994,MN,Total Electric Industry,7.16,6.25,4.41,0.0,5.63
1994,MO,Total Electric Industry,7.29,6.2,4.62,0.0,6.28
1994,MS,Total Electric Industry,7.06,7.22,4.48,0.0,6.05
1994,MT,Total Electric Industry,5.96,5.17,3.3,0.0,4.51
1994,NC,Total Electric Industry,8.17,6.56,4.93,0.0,6.62
1994,ND,Total Electric Industry,6.37,6.45,4.71,0.0,5.77
1994,NE,Total Electric Industry,6.31,5.58,3.99,0.0,5.49
1994,NH,Total Electric Industry,12.91,10.91,9.32,0.0,11.32
1994,NJ,Total Electric Industry,11.54,9.84,7.94,0.0,10.06
1994,NM,Total Electric Industry,9.14,8.3,4.7,0.0,7.11
1994,NV,Total Electric Industry,7.16,6.97,5.45,0.0,6.37
1994,NY,Total Electric Industry,13.55,11.67,6.77,0.0,10.92
1994,OH,Total Electric Industry,8.56,7.72,4.14,0.0,6.19
1994,OK,Total Electric Industry,7.03,6.09,4.07,0.0,5.84
1994,OR,Total Electric Industry,5.33,4.97,3.47,0.0,4.6
1994,PA,Total Electric Industry,9.55,8.28,5.93,0.0,7.87
1994,RI,Total Electric Industry,11.26,9.95,8.86,0.0,10.24
1994,SC,Total Electric Industry,7.49,6.37,4.03,0.0,5.67
1994,SD,Total Electric Industry,7.06,6.6,4.51,0.0,6.19
1994,TN,Total Electric Industry,5.88,6.63,4.52,0.0,5.23
1994,TX,Total Electric Industry,8.08,7.04,4.27,0.0,6.42
1994,UT,Total Electric Industry,6.91,5.87,3.83,0.0,5.36
1994,VA,Total Electric Industry,7.75,5.84,4.16,0.0,6.2
1994,VT,Total Electric Industry,9.96,9.42,7.5,0.0,9.13
1994,WA,Total Electric Industry,4.97,4.72,2.79,0.0,4.02
1994,WI,Total Electric Industry,7.08,5.87,3.89,0.0,5.46
1994,WV,Total Electric Industry,6.36,5.83,3.98,0.0,5.25
1994,WY,Total Electric Industry,6.04,5.02,3.51,0.0,4.26
1994,US,Total Electric Industry,8.38,7.73,4.77,0.0,6.91
1994,AK,Full-Service Providers,11.32,9.66,8.37,0.0,10.25
1994,AL,Full-Service Providers,6.69,6.76,4.12,0.0,5.48
1994,AR,Full-Service Providers,8.07,6.88,4.6,0.0,6.35
1994,AZ,Full-Service Providers,9.3,8.32,5.63,0.0,7.93
1994,CA,Full-Service Providers,11.43,10.9,7.09,0.0,9.78
1994,CO,Full-Service Providers,7.36,6.0,4.58,0.0,6.07
1994,CT,Full-Service Providers,11.47,9.99,7.9,0.0,10.18
1994,DC,Full-Service Providers,7.47,7.15,4.63,0.0,7.12
1994,DE,Full-Service Providers,8.91,7.0,4.62,0.0,6.78
1994,FL,Full-Service Providers,7.78,6.35,5.13,0.0,6.96
1994,GA,Full-Service Providers,7.72,7.33,4.57,0.0,6.57
1994,HI,Full-Service Providers,12.45,11.67,8.82,0.0,10.68
1994,IA,Full-Service Providers,8.09,6.32,3.88,0.0,5.92
1994,ID,Full-Service Providers,5.09,4.37,2.82,0.0,4.0
1994,IL,Full-Service Providers,9.98,7.68,5.18,0.0,7.41
1994,IN,Full-Service Providers,6.78,5.91,3.97,0.0,5.25
1994,KS,Full-Service Providers,7.89,6.66,4.93,0.0,6.61
1994,KY,Full-Service Providers,5.77,5.29,3.24,0.0,4.26
1994,LA,Full-Service Providers,7.61,7.2,4.22,0.0,6.05
1994,MA,Full-Service Providers,11.09,9.75,8.46,0.0,10.0
1994,MD,Full-Service Providers,8.39,7.19,5.3,0.0,7.03
1994,ME,Full-Service Providers,12.32,10.16,7.18,0.0,9.63
1994,MI,Full-Service Providers,8.28,7.93,5.25,0.0,7.09
1994,MN,Full-Service Providers,7.16,6.25,4.41,0.0,5.63
1994,MO,Full-Service Providers,7.29,6.2,4.62,0.0,6.28
1994,MS,Full-Service Providers,7.06,7.22,4.48,0.0,6.05
1994,MT,Full-Service Providers,5.96,5.17,3.3,0.0,4.51
1994,NC,Full-Service Providers,8.17,6.56,4.93,0.0,6.62
1994,ND,Full-Service Providers,6.37,6.45,4.71,0.0,5.77
1994,NE,Full-Service Providers,6.31,5.58,3.99,0.0,5.49
1994,NH,Full-Service Providers,12.91,10.91,9.32,0.0,11.32
1994,NJ,Full-Service Providers,11.54,9.84,7.94,0.0,10.06
1994,NM,Full-Service Providers,9.14,8.3,4.7,0.0,7.11
1994,NV,Full-Service Providers,7.16,6.97,5.45,0.0,6.37
1994,NY,Full-Service Providers,13.55,11.67,6.77,0.0,10.92
1994,OH,Full-Service Providers,8.56,7.72,4.14,0.0,6.19
1994,OK,Full-Service Providers,7.03,6.09,4.07,0.0,5.84
1994,OR,Full-Service Providers,5.33,4.97,3.47,0.0,4.6
1994,PA,Full-Service Providers,9.55,8.28,5.93,0.0,7.87
1994,RI,Full-Service Providers,11.26,9.95,8.86,0.0,10.24
1994,SC,Full-Service Providers,7.49,6.37,4.03,0.0,5.67
1994,SD,Full-Service Providers,7.06,6.6,4.51,0.0,6.19
1994,TN,Full-Service Providers,5.88,6.63,4.52,0.0,5.23
1994,TX,Full-Service Providers,8.08,7.04,4.27,0.0,6.42
1994,UT,Full-Service Providers,6.91,5.87,3.83,0.0,5.36
1994,VA,Full-Service Providers,7.75,5.84,4.16,0.0,6.2
1994,VT,Full-Service Providers,9.96,9.42,7.5,0.0,9.13
1994,WA,Full-Service Providers,4.97,4.72,2.79,0.0,4.02
1994,WI,Full-Service Providers,7.08,5.87,3.89,0.0,5.46
1994,WV,Full-Service Providers,6.36,5.83,3.98,0.0,5.25
1994,WY,Full-Service Providers,6.04,5.02,3.51,0.0,4.26
1994,US,Full-Service Providers,8.38,7.73,4.77,0.0,6.91
1993,AK,Total Electric Industry,11.15,9.55,8.19,0.0,10.12
1993,AL,Total Electric Industry,6.82,6.93,4.34,0.0,5.67
1993,AR,Total Electric Industry,8.27,7.04,4.85,0.0,6.62
1993,AZ,Total Electric Industry,9.65,8.7,5.8,0.0,8.21
1993,CA,Total Electric Industry,11.3,10.46,7.33,0.0,9.69
1993,CO,Total Electric Industry,7.24,5.82,4.52,0.0,6.05
1993,CT,Total Electric Industry,11.39,10.04,8.29,0.0,10.26
1993,DC,Total Electric Industry,7.18,7.15,5.91,0.0,6.78
1993,DE,Total Electric Industry,9.01,7.25,4.88,0.0,6.98
1993,FL,Total Electric Industry,7.99,6.69,5.26,0.0,7.2
1993,GA,Total Electric Industry,7.79,7.44,4.74,0.0,6.71
1993,HI,Total Electric Industry,12.28,11.68,8.95,0.0,10.66
1993,IA,Total Electric Industry,8.02,6.36,3.92,0.0,5.97
1993,ID,Total Electric Industry,4.99,4.42,2.81,0.0,4.0
1993,IL,Total Electric Industry,10.28,8.0,5.45,0.0,7.75
1993,IN,Total Electric Industry,6.67,5.83,3.88,0.0,5.17
1993,KS,Total Electric Industry,7.86,6.7,4.94,0.0,6.6
1993,KY,Total Electric Industry,5.7,5.29,3.3,0.0,4.32
1993,LA,Total Electric Industry,7.76,7.38,4.44,0.0,6.26
1993,MA,Total Electric Industry,11.0,9.67,8.66,0.0,9.98
1993,MD,Total Electric Industry,8.21,7.17,5.45,0.0,6.96
1993,ME,Total Electric Industry,11.43,9.45,6.96,0.0,9.1
1993,MI,Total Electric Industry,8.16,8.02,5.34,0.0,7.14
1993,MN,Total Electric Industry,7.09,6.19,4.4,0.0,5.6
1993,MO,Total Electric Industry,7.26,6.26,4.71,0.0,6.33
1993,MS,Total Electric Industry,7.12,7.45,4.59,0.0,6.18
1993,MT,Total Electric Industry,5.77,5.1,3.1,0.0,4.36
1993,NC,Total Electric Industry,8.18,6.59,4.9,0.0,6.63
1993,ND,Total Electric Industry,6.31,6.48,4.85,0.0,5.83
1993,NE,Total Electric Industry,6.25,5.68,4.04,0.0,5.54
1993,NH,Total Electric Industry,12.31,11.01,9.04,0.0,10.85
1993,NJ,Total Electric Industry,11.41,9.73,8.09,0.0,9.99
1993,NM,Total Electric Industry,9.18,8.37,4.86,0.0,7.23
1993,NV,Total Electric Industry,6.51,6.51,5.04,0.0,5.87
1993,NY,Total Electric Industry,13.17,11.66,6.66,0.0,10.72
1993,OH,Total Electric Industry,8.36,7.59,4.25,0.0,6.22
1993,OK,Total Electric Industry,7.14,6.21,4.14,0.0,5.96
1993,OR,Total Electric Industry,5.02,4.93,3.33,0.0,4.43
1993,PA,Total Electric Industry,9.55,8.29,6.04,0.0,7.92
1993,RI,Total Electric Industry,11.38,10.17,9.03,0.0,10.4
1993,SC,Total Electric Industry,7.33,6.22,4.06,0.0,5.64
1993,SD,Total Electric Industry,7.04,6.75,4.6,0.0,6.2
1993,TN,Total Electric Industry,5.76,6.68,4.62,0.0,5.22
1993,TX,Total Electric Industry,8.0,6.94,4.32,0.0,6.39
1993,UT,Total Electric Industry,6.85,5.96,3.78,0.0,5.33
1993,VA,Total Electric Industry,7.57,6.14,4.19,0.0,6.23
1993,VT,Total Electric Industry,9.84,9.31,7.5,0.0,9.04
1993,WA,Total Electric Industry,4.6,4.5,2.4,0.0,3.65
1993,WI,Total Electric Industry,7.03,5.95,3.98,0.0,5.52
1993,WV,Total Electric Industry,6.3,5.78,3.96,0.0,5.22
1993,WY,Total Electric Industry,5.96,5.04,3.5,0.0,4.25
1993,US,Total Electric Industry,8.32,7.74,4.85,0.0,6.93
1993,AK,Full-Service Providers,11.15,9.55,8.19,0.0,10.12
1993,AL,Full-Service Providers,6.82,6.93,4.34,0.0,5.67
1993,AR,Full-Service Providers,8.27,7.04,4.85,0.0,6.62
1993,AZ,Full-Service Providers,9.65,8.7,5.8,0.0,8.21
1993,CA,Full-Service Providers,11.3,10.46,7.33,0.0,9.69
1993,CO,Full-Service Providers,7.24,5.82,4.52,0.0,6.05
1993,CT,Full-Service Providers,11.39,10.04,8.29,0.0,10.26
1993,DC,Full-Service Providers,7.18,7.15,5.91,0.0,6.78
1993,DE,Full-Service Providers,9.01,7.25,4.88,0.0,6.98
1993,FL,Full-Service Providers,7.99,6.69,5.26,0.0,7.2
1993,GA,Full-Service Providers,7.79,7.44,4.74,0.0,6.71
1993,HI,Full-Service Providers,12.28,11.68,8.95,0.0,10.66
1993,IA,Full-Service Providers,8.02,6.36,3.92,0.0,5.97
1993,ID,Full-Service Providers,4.99,4.42,2.81,0.0,4.0
1993,IL,Full-Service Providers,10.28,8.0,5.45,0.0,7.75
1993,IN,Full-Service Providers,6.67,5.83,3.88,0.0,5.17
1993,KS,Full-Service Providers,7.86,6.7,4.94,0.0,6.6
1993,KY,Full-Service Providers,5.7,5.29,3.3,0.0,4.32
1993,LA,Full-Service Providers,7.76,7.38,4.44,0.0,6.26
1993,MA,Full-Service Providers,11.0,9.67,8.66,0.0,9.98
1993,MD,Full-Service Providers,8.21,7.17,5.45,0.0,6.96
1993,ME,Full-Service Providers,11.43,9.45,6.96,0.0,9.1
1993,MI,Full-Service Providers,8.16,8.02,5.34,0.0,7.14
1993,MN,Full-Service Providers,7.09,6.19,4.4,0.0,5.6
1993,MO,Full-Service Providers,7.26,6.26,4.71,0.0,6.33
1993,MS,Full-Service Providers,7.12,7.45,4.59,0.0,6.18
1993,MT,Full-Service Providers,5.77,5.1,3.1,0.0,4.36
1993,NC,Full-Service Providers,8.18,6.59,4.9,0.0,6.63
1993,ND,Full-Service Providers,6.31,6.48,4.85,0.0,5.83
1993,NE,Full-Service Providers,6.25,5.68,4.04,0.0,5.54
1993,NH,Full-Service Providers,12.31,11.01,9.04,0.0,10.85
1993,NJ,Full-Service Providers,11.41,9.73,8.09,0.0,9.99
1993,NM,Full-Service Providers,9.18,8.37,4.86,0.0,7.23
1993,NV,Full-Service Providers,6.51,6.51,5.04,0.0,5.87
1993,NY,Full-Service Providers,13.17,11.66,6.66,0.0,10.72
1993,OH,Full-Service Providers,8.36,7.59,4.25,0.0,6.22
1993,OK,Full-Service Providers,7.14,6.21,4.14,0.0,5.96
1993,OR,Full-Service Providers,5.02,4.93,3.33,0.0,4.43
1993,PA,Full-Service Providers,9.55,8.29,6.04,0.0,7.92
1993,RI,Full-Service Providers,11.38,10.17,9.03,0.0,10.4
1993,SC,Full-Service Providers,7.33,6.22,4.06,0.0,5.64
1993,SD,Full-Service Providers,7.04,6.75,4.6,0.0,6.2
1993,TN,Full-Service Providers,5.76,6.68,4.62,0.0,5.22
1993,TX,Full-Service Providers,8.0,6.94,4.32,0.0,6.39
1993,UT,Full-Service Providers,6.85,5.96,3.78,0.0,5.33
1993,VA,Full-Service Providers,7.57,6.14,4.19,0.0,6.23
1993,VT,Full-Service Providers,9.84,9.31,7.5,0.0,9.04
1993,WA,Full-Service Providers,4.6,4.5,2.4,0.0,3.65
1993,WI,Full-Service Providers,7.03,5.95,3.98,0.0,5.52
1993,WV,Full-Service Providers,6.3,5.78,3.96,0.0,5.22
1993,WY,Full-Service Providers,5.96,5.04,3.5,0.0,4.25
1993,US,Full-Service Providers,8.32,7.74,4.85,0.0,6.93
1992,AK,Total Electric Industry,10.82,9.45,7.74,0.0,9.95
1992,AL,Total Electric Industry,6.69,6.85,4.29,0.0,5.57
1992,AR,Total Electric Industry,8.28,7.11,5.02,0.0,6.71
1992,AZ,Total Electric Industry,9.58,8.64,5.76,0.0,8.13
1992,CA,Total Electric Industry,11.07,10.33,7.59,0.0,9.66
1992,CO,Total Electric Industry,7.2,5.77,4.59,0.0,6.02
1992,CT,Total Electric Industry,11.07,9.86,8.22,0.0,10.04
1992,DC,Total Electric Industry,6.61,6.91,5.68,0.0,6.47
1992,DE,Total Electric Industry,8.66,7.01,4.71,0.0,6.7
1992,FL,Total Electric Industry,7.75,6.58,5.02,0.0,6.99
1992,GA,Total Electric Industry,7.73,7.5,4.76,0.0,6.67
1992,HI,Total Electric Industry,10.9,10.53,7.83,0.0,9.44
1992,IA,Total Electric Industry,8.02,6.35,4.02,0.0,5.98
1992,ID,Total Electric Industry,4.93,4.3,2.72,0.0,3.87
1992,IL,Total Electric Industry,10.29,8.09,5.47,0.0,7.69
1992,IN,Total Electric Industry,6.86,6.0,4.0,0.0,5.3
1992,KS,Total Electric Industry,7.9,6.67,4.93,0.0,6.56
1992,KY,Total Electric Industry,5.7,5.29,3.16,0.0,4.19
1992,LA,Total Electric Industry,7.52,7.19,4.22,0.0,6.01
1992,MA,Total Electric Industry,10.62,9.31,8.6,0.0,9.66
1992,MD,Total Electric Industry,7.97,7.09,5.4,0.0,6.8
1992,ME,Total Electric Industry,11.37,9.27,6.9,0.0,9.05
1992,MI,Total Electric Industry,8.11,8.28,5.9,0.0,7.23
1992,MN,Total Electric Industry,7.01,6.13,4.33,0.0,5.52
1992,MO,Total Electric Industry,7.44,6.39,4.78,0.0,6.41
1992,MS,Total Electric Industry,7.01,7.27,4.41,0.0,6.03
1992,MT,Total Electric Industry,5.84,5.17,2.89,0.0,4.19
1992,NC,Total Electric Industry,8.11,6.63,4.93,0.0,6.6
1992,ND,Total Electric Industry,6.33,6.48,4.87,0.0,5.81
1992,NE,Total Electric Industry,6.27,5.64,4.06,0.0,5.53
1992,NH,Total Electric Industry,11.36,10.38,8.17,0.0,9.97
1992,NJ,Total Electric Industry,10.87,9.33,7.71,0.0,9.51
1992,NM,Total Electric Industry,9.06,8.27,4.8,0.0,7.12
1992,NV,Total Electric Industry,6.19,6.33,4.92,0.0,5.69
1992,NY,Total Electric Industry,12.43,11.17,6.5,0.0,10.19
1992,OH,Total Electric Industry,8.24,7.57,4.14,0.0,6.06
1992,OK,Total Electric Industry,7.17,6.1,3.86,0.0,5.8
1992,OR,Total Electric Industry,4.93,4.88,3.22,0.0,4.31
1992,PA,Total Electric Industry,9.67,8.47,6.21,0.0,8.04
1992,RI,Total Electric Industry,11.17,10.05,9.22,0.0,10.3
1992,SC,Total Electric Industry,7.19,6.17,4.03,0.0,5.53
1992,SD,Total Electric Industry,7.1,6.78,4.66,0.0,6.22
1992,TN,Total Electric Industry,5.7,6.5,4.6,0.0,5.21
1992,TX,Total Electric Industry,7.74,6.73,4.2,0.0,6.16
1992,UT,Total Electric Industry,6.97,5.97,3.68,0.0,5.3
1992,VA,Total Electric Industry,7.63,6.23,4.28,0.0,6.28
1992,VT,Total Electric Industry,9.56,9.24,7.3,0.0,8.83
1992,WA,Total Electric Industry,4.46,4.31,2.24,0.0,3.43
1992,WI,Total Electric Industry,6.91,5.91,4.0,0.0,5.48
1992,WV,Total Electric Industry,6.17,5.63,3.84,0.0,5.05
1992,WY,Total Electric Industry,6.08,5.17,3.52,0.0,4.27
1992,US,Total Electric Industry,8.21,7.66,4.83,0.0,6.82
1992,AK,Full-Service Providers,10.82,9.45,7.74,0.0,9.95
1992,AL,Full-Service Providers,6.69,6.85,4.29,0.0,5.57
1992,AR,Full-Service Providers,8.28,7.11,5.02,0.0,6.71
1992,AZ,Full-Service Providers,9.58,8.64,5.76,0.0,8.13
1992,CA,Full-Service Providers,11.07,10.33,7.59,0.0,9.66
1992,CO,Full-Service Providers,7.2,5.77,4.59,0.0,6.02
1992,CT,Full-Service Providers,11.07,9.86,8.22,0.0,10.04
1992,DC,Full-Service Providers,6.61,6.91,5.68,0.0,6.47
1992,DE,Full-Service Providers,8.66,7.01,4.71,0.0,6.7
1992,FL,Full-Service Providers,7.75,6.58,5.02,0.0,6.99
1992,GA,Full-Service Providers,7.73,7.5,4.76,0.0,6.67
1992,HI,Full-Service Providers,10.9,10.53,7.83,0.0,9.44
1992,IA,Full-Service Providers,8.02,6.35,4.02,0.0,5.98
1992,ID,Full-Service Providers,4.93,4.3,2.72,0.0,3.87
1992,IL,Full-Service Providers,10.29,8.09,5.47,0.0,7.69
1992,IN,Full-Service Providers,6.86,6.0,4.0,0.0,5.3
1992,KS,Full-Service Providers,7.9,6.67,4.93,0.0,6.56
1992,KY,Full-Service Providers,5.7,5.29,3.16,0.0,4.19
1992,LA,Full-Service Providers,7.52,7.19,4.22,0.0,6.01
1992,MA,Full-Service Providers,10.62,9.31,8.6,0.0,9.66
1992,MD,Full-Service Providers,7.97,7.09,5.4,0.0,6.8
1992,ME,Full-Service Providers,11.37,9.27,6.9,0.0,9.05
1992,MI,Full-Service Providers,8.11,8.28,5.9,0.0,7.23
1992,MN,Full-Service Providers,7.01,6.13,4.33,0.0,5.52
1992,MO,Full-Service Providers,7.44,6.39,4.78,0.0,6.41
1992,MS,Full-Service Providers,7.01,7.27,4.41,0.0,6.03
1992,MT,Full-Service Providers,5.84,5.17,2.89,0.0,4.19
1992,NC,Full-Service Providers,8.11,6.63,4.93,0.0,6.6
1992,ND,Full-Service Providers,6.33,6.48,4.87,0.0,5.81
1992,NE,Full-Service Providers,6.27,5.64,4.06,0.0,5.53
1992,NH,Full-Service Providers,11.36,10.38,8.17,0.0,9.97
1992,NJ,Full-Service Providers,10.87,9.33,7.71,0.0,9.51
1992,NM,Full-Service Providers,9.06,8.27,4.8,0.0,7.12
1992,NV,Full-Service Providers,6.19,6.33,4.92,0.0,5.69
1992,NY,Full-Service Providers,12.43,11.17,6.5,0.0,10.19
1992,OH,Full-Service Providers,8.24,7.57,4.14,0.0,6.06
1992,OK,Full-Service Providers,7.17,6.1,3.86,0.0,5.8
1992,OR,Full-Service Providers,4.93,4.88,3.22,0.0,4.31
1992,PA,Full-Service Providers,9.67,8.47,6.21,0.0,8.04
1992,RI,Full-Service Providers,11.17,10.05,9.22,0.0,10.3
1992,SC,Full-Service Providers,7.19,6.17,4.03,0.0,5.53
1992,SD,Full-Service Providers,7.1,6.78,4.66,0.0,6.22
1992,TN,Full-Service Providers,5.7,6.5,4.6,0.0,5.21
1992,TX,Full-Service Providers,7.74,6.73,4.2,0.0,6.16
1992,UT,Full-Service Providers,6.97,5.97,3.68,0.0,5.3
1992,VA,Full-Service Providers,7.63,6.23,4.28,0.0,6.28
1992,VT,Full-Service Providers,9.56,9.24,7.3,0.0,8.83
1992,WA,Full-Service Providers,4.46,4.31,2.24,0.0,3.43
1992,WI,Full-Service Providers,6.91,5.91,4.0,0.0,5.48
1992,WV,Full-Service Providers,6.17,5.63,3.84,0.0,5.05
1992,WY,Full-Service Providers,6.08,5.17,3.52,0.0,4.27
1992,US,Full-Service Providers,8.21,7.66,4.83,0.0,6.82
1991,AK,Total Electric Industry,10.67,9.27,8.22,0.0,9.8
1991,AL,Total Electric Industry,6.69,6.81,4.37,0.0,5.64
1991,AR,Total Electric Industry,8.1,6.95,5.05,0.0,6.69
1991,AZ,Total Electric Industry,9.14,8.3,5.58,0.0,7.85
1991,CA,Total Electric Industry,10.79,10.04,7.58,0.0,9.42
1991,CO,Total Electric Industry,7.07,5.73,4.56,0.0,5.95
1991,CT,Total Electric Industry,10.51,9.49,7.93,0.0,9.6
1991,DC,Total Electric Industry,6.58,6.64,5.43,0.0,6.25
1991,DE,Total Electric Industry,8.62,7.03,4.73,0.0,6.7
1991,FL,Total Electric Industry,7.91,6.77,5.19,0.0,7.16
1991,GA,Total Electric Industry,7.5,7.36,4.78,0.0,6.56
1991,HI,Total Electric Industry,10.52,10.33,7.71,0.0,9.22
1991,IA,Total Electric Industry,7.76,6.23,4.01,0.0,5.94
1991,ID,Total Electric Industry,4.88,4.24,2.62,0.0,3.84
1991,IL,Total Electric Industry,9.87,7.95,5.49,0.0,7.63
1991,IN,Total Electric Industry,6.73,5.94,4.04,0.0,5.32
1991,KS,Total Electric Industry,7.83,6.62,4.95,0.0,6.57
1991,KY,Total Electric Industry,5.68,5.34,3.39,0.0,4.41
1991,LA,Total Electric Industry,7.4,7.03,4.15,0.0,5.94
1991,MA,Total Electric Industry,10.4,9.22,8.52,0.0,9.53
1991,MD,Total Electric Industry,7.9,7.03,5.5,0.0,6.81
1991,ME,Total Electric Industry,10.45,9.06,6.7,0.0,8.6
1991,MI,Total Electric Industry,8.06,8.19,5.89,0.0,7.21
1991,MN,Total Electric Industry,6.92,6.07,4.26,0.0,5.46
1991,MO,Total Electric Industry,7.39,6.39,4.9,0.0,6.46
1991,MS,Total Electric Industry,6.88,7.18,4.49,0.0,6.02
1991,MT,Total Electric Industry,5.76,5.0,2.92,0.0,4.14
1991,NC,Total Electric Industry,7.95,6.48,4.82,0.0,6.47
1991,ND,Total Electric Industry,6.21,6.39,4.87,0.0,5.76
1991,NE,Total Electric Industry,6.09,5.61,4.15,0.0,5.48
1991,NH,Total Electric Industry,10.38,9.6,7.44,0.0,9.13
1991,NJ,Total Electric Industry,10.81,9.26,7.67,0.0,9.46
1991,NM,Total Electric Industry,9.08,8.23,4.83,0.0,7.14
1991,NV,Total Electric Industry,5.89,6.32,4.95,0.0,5.6
1991,NY,Total Electric Industry,11.97,10.85,6.16,0.0,9.79
1991,OH,Total Electric Industry,8.16,7.53,4.2,0.0,6.11
1991,OK,Total Electric Industry,7.03,6.08,3.85,0.0,5.78
1991,OR,Total Electric Industry,4.81,4.85,3.15,0.0,4.25
1991,PA,Total Electric Industry,9.58,8.31,6.29,0.0,8.0
1991,RI,Total Electric Industry,10.99,9.88,9.27,0.0,10.17
1991,SC,Total Electric Industry,7.22,6.22,4.16,0.0,5.63
1991,SD,Total Electric Industry,6.91,6.73,4.64,0.0,6.13
1991,TN,Total Electric Industry,5.65,6.07,4.51,0.0,5.21
1991,TX,Total Electric Industry,7.57,6.58,4.15,0.0,6.06
1991,UT,Total Electric Industry,7.12,6.09,3.85,0.0,5.46
1991,VA,Total Electric Industry,7.34,6.05,4.23,0.0,6.09
1991,VT,Total Electric Industry,9.53,8.92,7.02,0.0,8.63
1991,WA,Total Electric Industry,4.36,4.19,2.29,0.0,3.37
1991,WI,Total Electric Industry,6.73,5.82,4.03,0.0,5.45
1991,WV,Total Electric Industry,5.91,5.41,3.67,0.0,4.84
1991,WY,Total Electric Industry,6.0,5.2,3.49,0.0,4.25
1991,US,Total Electric Industry,8.04,7.53,4.83,0.0,6.75
1991,AK,Full-Service Providers,10.67,9.27,8.22,0.0,9.8
1991,AL,Full-Service Providers,6.69,6.81,4.37,0.0,5.64
1991,AR,Full-Service Providers,8.1,6.95,5.05,0.0,6.69
1991,AZ,Full-Service Providers,9.14,8.3,5.58,0.0,7.85
1991,CA,Full-Service Providers,10.79,10.04,7.58,0.0,9.42
1991,CO,Full-Service Providers,7.07,5.73,4.56,0.0,5.95
1991,CT,Full-Service Providers,10.51,9.49,7.93,0.0,9.6
1991,DC,Full-Service Providers,6.58,6.64,5.43,0.0,6.25
1991,DE,Full-Service Providers,8.62,7.03,4.73,0.0,6.7
1991,FL,Full-Service Providers,7.91,6.77,5.19,0.0,7.16
1991,GA,Full-Service Providers,7.5,7.36,4.78,0.0,6.56
1991,HI,Full-Service Providers,10.52,10.33,7.71,0.0,9.22
1991,IA,Full-Service Providers,7.76,6.23,4.01,0.0,5.94
1991,ID,Full-Service Providers,4.88,4.24,2.62,0.0,3.84
1991,IL,Full-Service Providers,9.87,7.95,5.49,0.0,7.63
1991,IN,Full-Service Providers,6.73,5.94,4.04,0.0,5.32
1991,KS,Full-Service Providers,7.83,6.62,4.95,0.0,6.57
1991,KY,Full-Service Providers,5.68,5.34,3.39,0.0,4.41
1991,LA,Full-Service Providers,7.4,7.03,4.15,0.0,5.94
1991,MA,Full-Service Providers,10.4,9.22,8.52,0.0,9.53
1991,MD,Full-Service Providers,7.9,7.03,5.5,0.0,6.81
1991,ME,Full-Service Providers,10.45,9.06,6.7,0.0,8.6
1991,MI,Full-Service Providers,8.06,8.19,5.89,0.0,7.21
1991,MN,Full-Service Providers,6.92,6.07,4.26,0.0,5.46
1991,MO,Full-Service Providers,7.39,6.39,4.9,0.0,6.46
1991,MS,Full-Service Providers,6.88,7.18,4.49,0.0,6.02
1991,MT,Full-Service Providers,5.76,5.0,2.92,0.0,4.14
1991,NC,Full-Service Providers,7.95,6.48,4.82,0.0,6.47
1991,ND,Full-Service Providers,6.21,6.39,4.87,0.0,5.76
1991,NE,Full-Service Providers,6.09,5.61,4.15,0.0,5.48
1991,NH,Full-Service Providers,10.38,9.6,7.44,0.0,9.13
1991,NJ,Full-Service Providers,10.81,9.26,7.67,0.0,9.46
1991,NM,Full-Service Providers,9.08,8.23,4.83,0.0,7.14
1991,NV,Full-Service Providers,5.89,6.32,4.95,0.0,5.6
1991,NY,Full-Service Providers,11.97,10.85,6.16,0.0,9.79
1991,OH,Full-Service Providers,8.16,7.53,4.2,0.0,6.11
1991,OK,Full-Service Providers,7.03,6.08,3.85,0.0,5.78
1991,OR,Full-Service Providers,4.81,4.85,3.15,0.0,4.25
1991,PA,Full-Service Providers,9.58,8.31,6.29,0.0,8.0
1991,RI,Full-Service Providers,10.99,9.88,9.27,0.0,10.17
1991,SC,Full-Service Providers,7.22,6.22,4.16,0.0,5.63
1991,SD,Full-Service Providers,6.91,6.73,4.64,0.0,6.13
1991,TN,Full-Service Providers,5.65,6.07,4.51,0.0,5.21
1991,TX,Full-Service Providers,7.57,6.58,4.15,0.0,6.06
1991,UT,Full-Service Providers,7.12,6.09,3.85,0.0,5.46
1991,VA,Full-Service Providers,7.34,6.05,4.23,0.0,6.09
1991,VT,Full-Service Providers,9.53,8.92,7.02,0.0,8.63
1991,WA,Full-Service Providers,4.36,4.19,2.29,0.0,3.37
1991,WI,Full-Service Providers,6.73,5.82,4.03,0.0,5.45
1991,WV,Full-Service Providers,5.91,5.41,3.67,0.0,4.84
1991,WY,Full-Service Providers,6.0,5.2,3.49,0.0,4.25
1991,US,Full-Service Providers,8.04,7.53,4.83,0.0,6.75
1990,AK,Total Electric Industry,10.11,9.01,7.91,0.0,9.48
1990,AL,Total Electric Industry,6.59,6.72,4.34,0.0,5.57
1990,AR,Total Electric Industry,8.07,6.95,5.1,0.0,6.7
1990,AZ,Total Electric Industry,9.04,8.29,5.58,0.0,7.75
1990,CA,Total Electric Industry,9.98,9.46,7.28,0.0,8.84
1990,CO,Total Electric Industry,7.02,5.67,4.49,0.0,5.89
1990,CT,Total Electric Industry,10.01,9.11,7.55,0.0,9.16
1990,DC,Total Electric Industry,6.1,6.35,5.16,0.0,5.94
1990,DE,Total Electric Industry,8.39,6.91,4.51,0.0,6.46
1990,FL,Total Electric Industry,7.77,6.66,5.08,0.0,7.04
1990,GA,Total Electric Industry,7.46,7.33,4.83,0.0,6.56
1990,HI,Total Electric Industry,10.26,10.18,7.57,0.0,9.02
1990,IA,Total Electric Industry,7.81,6.27,3.98,0.0,5.93
1990,ID,Total Electric Industry,4.87,4.25,2.62,0.0,3.8
1990,IL,Total Electric Industry,9.92,7.77,5.4,0.0,7.49
1990,IN,Total Electric Industry,6.87,6.05,4.07,0.0,5.36
1990,KS,Total Electric Industry,7.83,6.64,4.94,0.0,6.57
1990,KY,Total Electric Industry,5.69,5.37,3.58,0.0,4.48
1990,LA,Total Electric Industry,7.41,7.05,4.19,0.0,6.0
1990,MA,Total Electric Industry,9.66,8.56,7.89,0.0,8.85
1990,MD,Total Electric Industry,7.22,6.71,5.1,0.0,6.3
1990,ME,Total Electric Industry,9.3,8.03,5.96,0.0,7.65
1990,MI,Total Electric Industry,7.83,8.14,5.85,0.0,7.1
1990,MN,Total Electric Industry,6.8,5.98,4.14,0.0,5.33
1990,MO,Total Electric Industry,7.36,6.46,4.95,0.0,6.46
1990,MS,Total Electric Industry,6.89,7.21,4.65,0.0,6.11
1990,MT,Total Electric Industry,5.45,4.68,2.87,0.0,3.96
1990,NC,Total Electric Industry,7.84,6.42,4.77,0.0,6.38
1990,ND,Total Electric Industry,6.26,6.45,4.79,0.0,5.75
1990,NE,Total Electric Industry,6.23,5.73,4.19,0.0,5.57
1990,NH,Total Electric Industry,10.34,9.5,7.47,0.0,9.09
1990,NJ,Total Electric Industry,10.36,8.94,7.36,0.0,9.08
1990,NM,Total Electric Industry,8.94,8.14,4.98,0.0,7.1
1990,NV,Total Electric Industry,5.7,6.19,4.7,0.0,5.38
1990,NY,Total Electric Industry,11.44,10.47,5.78,0.0,9.37
1990,OH,Total Electric Industry,8.05,7.43,4.03,0.0,5.89
1990,OK,Total Electric Industry,6.58,5.74,3.63,0.0,5.48
1990,OR,Total Electric Industry,4.73,4.79,3.16,0.0,4.18
1990,PA,Total Electric Industry,9.22,8.09,5.97,0.0,7.65
1990,RI,Total Electric Industry,9.84,8.93,8.35,0.0,9.15
1990,SC,Total Electric Industry,7.15,6.15,4.18,0.0,5.59
1990,SD,Total Electric Industry,6.95,6.68,4.66,0.0,6.13
1990,TN,Total Electric Industry,5.69,6.09,4.69,0.0,5.31
1990,TX,Total Electric Industry,7.2,6.17,4.03,0.0,5.78
1990,UT,Total Electric Industry,7.13,6.26,3.8,0.0,5.46
1990,VA,Total Electric Industry,7.25,6.06,4.27,0.0,6.03
1990,VT,Total Electric Industry,9.27,8.5,6.62,0.0,8.28
1990,WA,Total Electric Industry,4.39,4.15,2.39,0.0,3.4
1990,WI,Total Electric Industry,6.63,5.78,3.99,0.0,5.37
1990,WV,Total Electric Industry,5.9,5.36,3.56,0.0,4.73
1990,WY,Total Electric Industry,5.97,5.17,3.47,0.0,4.21
1990,US,Total Electric Industry,7.83,7.34,4.74,0.0,6.57
1990,AK,Full-Service Providers,10.11,9.01,7.91,0.0,9.48
1990,AL,Full-Service Providers,6.59,6.72,4.34,0.0,5.57
1990,AR,Full-Service Providers,8.07,6.95,5.1,0.0,6.7
1990,AZ,Full-Service Providers,9.04,8.29,5.58,0.0,7.75
1990,CA,Full-Service Providers,9.98,9.46,7.28,0.0,8.84
1990,CO,Full-Service Providers,7.02,5.67,4.49,0.0,5.89
1990,CT,Full-Service Providers,10.01,9.11,7.55,0.0,9.16
1990,DC,Full-Service Providers,6.1,6.35,5.16,0.0,5.94
1990,DE,Full-Service Providers,8.39,6.91,4.51,0.0,6.46
1990,FL,Full-Service Providers,7.77,6.66,5.08,0.0,7.04
1990,GA,Full-Service Providers,7.46,7.33,4.83,0.0,6.56
1990,HI,Full-Service Providers,10.26,10.18,7.57,0.0,9.02
1990,IA,Full-Service Providers,7.81,6.27,3.98,0.0,5.93
1990,ID,Full-Service Providers,4.87,4.25,2.62,0.0,3.8
1990,IL,Full-Service Providers,9.92,7.77,5.4,0.0,7.49
1990,IN,Full-Service Providers,6.87,6.05,4.07,0.0,5.36
1990,KS,Full-Service Providers,7.83,6.64,4.94,0.0,6.57
1990,KY,Full-Service Providers,5.69,5.37,3.58,0.0,4.48
1990,LA,Full-Service Providers,7.41,7.05,4.19,0.0,6.0
1990,MA,Full-Service Providers,9.66,8.56,7.89,0.0,8.85
1990,MD,Full-Service Providers,7.22,6.71,5.1,0.0,6.3
1990,ME,Full-Service Providers,9.3,8.03,5.96,0.0,7.65
1990,MI,Full-Service Providers,7.83,8.14,5.85,0.0,7.1
1990,MN,Full-Service Providers,6.8,5.98,4.14,0.0,5.33
1990,MO,Full-Service Providers,7.36,6.46,4.95,0.0,6.46
1990,MS,Full-Service Providers,6.89,7.21,4.65,0.0,6.11
1990,MT,Full-Service Providers,5.45,4.68,2.87,0.0,3.96
1990,NC,Full-Service Providers,7.84,6.42,4.77,0.0,6.38
1990,ND,Full-Service Providers,6.26,6.45,4.79,0.0,5.75
1990,NE,Full-Service Providers,6.23,5.73,4.19,0.0,5.57
1990,NH,Full-Service Providers,10.34,9.5,7.47,0.0,9.09
1990,NJ,Full-Service Providers,10.36,8.94,7.36,0.0,9.08
1990,NM,Full-Service Providers,8.94,8.14,4.98,0.0,7.1
1990,NV,Full-Service Providers,5.7,6.19,4.7,0.0,5.38
1990,NY,Full-Service Providers,11.44,10.47,5.78,0.0,9.37
1990,OH,Full-Service Providers,8.05,7.43,4.03,0.0,5.89
1990,OK,Full-Service Providers,6.58,5.74,3.63,0.0,5.48
1990,OR,Full-Service Providers,4.73,4.79,3.16,0.0,4.18
1990,PA,Full-Service Providers,9.22,8.09,5.97,0.0,7.65
1990,RI,Full-Service Providers,9.84,8.93,8.35,0.0,9.15
1990,SC,Full-Service Providers,7.15,6.15,4.18,0.0,5.59
1990,SD,Full-Service Providers,6.95,6.68,4.66,0.0,6.13
1990,TN,Full-Service Providers,5.69,6.09,4.69,0.0,5.31
1990,TX,Full-Service Providers,7.2,6.17,4.03,0.0,5.78
1990,UT,Full-Service Providers,7.13,6.26,3.8,0.0,5.46
1990,VA,Full-Service Providers,7.25,6.06,4.27,0.0,6.03
1990,VT,Full-Service Providers,9.27,8.5,6.62,0.0,8.28
1990,WA,Full-Service Providers,4.39,4.15,2.39,0.0,3.4
1990,WI,Full-Service Providers,6.63,5.78,3.99,0.0,5.37
1990,WV,Full-Service Providers,5.9,5.36,3.56,0.0,4.73
1990,WY,Full-Service Providers,5.97,5.17,3.47,0.0,4.21
1990,US,Full-Service Providers,7.83,7.34,4.74,0.0,6.57
